,UMAP_1,UMAP_2,cluster,dbscan_cluster
0,-4.477591,16.23998,0,0
1,14.479293,-2.5387237,1,1
2,-1.9624757,19.257143,2,2
3,16.067223,-3.5624044,1,1
4,12.245742,-0.9010093,1,1
5,1.9110761,-8.558363,3,3
6,0.10655132,-10.302572,4,4
7,-8.840244,6.7209206,5,5
8,14.423585,6.5759583,6,6
9,11.590794,12.418029,7,7
10,-1.9568025,1.0843798,8,8
11,11.342513,-9.285976,9,9
12,1.5598211,18.68055,10,10
13,-1.461241,23.271385,2,2
14,-2.418476,-4.619971,11,11
15,13.136294,16.529797,12,12
16,-5.7691374,3.1046262,13,13
17,13.098552,6.076085,6,6
18,2.2119286,-0.78579384,14,14
19,8.06963,-1.718176,15,15
20,9.763274,-4.1357536,15,15
21,16.59132,-3.842113,1,1
22,-9.477841,-1.4979217,13,13
23,-3.4260926,21.262321,2,2
24,-5.183295,-4.71009,11,11
25,7.7311826,18.819607,16,16
26,0.9465537,2.4784842,8,8
27,21.40334,-2.1117141,17,17
28,13.822717,2.8189068,18,18
29,-4.9844756,-4.6133456,11,11
30,-3.242016,10.331515,19,19
31,13.777883,2.8401122,18,18
32,11.150011,-4.6277113,15,15
33,-5.830991,3.009153,13,13
34,0.23048422,0.023582492,14,14
35,-0.6527388,6.4628577,20,20
36,20.904242,9.898156,21,21
37,0.18383631,-10.253002,4,4
38,-3.0141747,14.433707,0,0
39,-3.0112987,14.432383,0,0
40,-11.702401,7.509012,5,5
41,-2.6847758,-10.2911,4,4
42,-6.555445,1.8788143,13,13
43,13.4709215,6.075516,6,6
44,-1.9199862,-4.767074,11,11
45,10.408645,-9.101933,9,9
46,10.661084,-9.143212,9,9
47,-3.408509,21.003435,2,2
48,7.9962115,-10.217661,9,9
49,20.56518,-0.2887532,17,17
50,15.385277,-3.1305363,1,1
51,14.671734,8.809283,6,6
52,-3.5177176,14.481672,0,0
53,19.428366,-8.17124,22,22
54,-2.959695,-10.004365,4,4
55,-5.113498,10.202606,19,19
56,0.059852503,-1.182144,14,14
57,-2.7968192,14.442412,0,0
58,-6.469826,2.0036633,13,13
59,-8.841132,6.720855,5,5
60,-5.225658,3.8731956,13,13
61,10.108028,11.995624,23,23
62,1.9603281,-8.501296,3,3
63,4.6434946,-9.437516,24,24
64,-8.136462,-0.25735563,13,13
65,-4.028769,14.651303,0,0
66,-3.505022,-4.384562,11,11
67,0.8548117,6.8439646,20,20
68,-3.3734343,21.820362,2,2
69,18.89743,-9.058078,22,22
70,4.6827736,-9.694272,24,24
71,0.4396108,0.31087822,14,14
72,-9.268589,6.8148932,5,5
73,9.357633,-3.9211502,15,15
74,-3.3241675,-4.393223,11,11
75,10.075574,-9.051128,9,9
76,17.188173,-4.1540985,1,1
77,-3.00685,22.544514,2,2
78,-1.3811314,14.542728,0,0
79,-3.1012533,-4.4327135,11,11
80,0.39169633,-1.4855233,14,14
81,1.1676127,6.9739194,20,20
82,1.8398066,-1.1807325,14,14
83,20.436302,-4.2049375,25,25
84,10.684798,4.2027235,18,18
85,0.7082163,0.55455226,14,14
86,13.453979,6.066269,6,6
87,-1.470466,14.598122,0,0
88,1.3163531,22.807867,2,2
89,-3.3538651,10.293181,19,19
90,13.46994,18.84952,12,12
91,19.435152,-8.182659,22,22
92,12.458265,6.223268,6,6
93,10.561425,4.3125486,18,18
94,19.169659,9.693968,21,21
95,-6.0523024,-5.552952,11,11
96,6.3787155,-14.641701,26,26
97,14.8627825,-2.7925353,1,1
98,-3.7015347,5.3376317,13,13
99,19.566206,-8.297132,22,22
100,1.9270006,-1.1001028,14,14
101,-3.3772168,20.85642,2,2
102,-2.619591,19.76805,2,2
103,14.563881,8.86923,6,6
104,14.172046,12.788221,7,7
105,7.784614,18.689165,16,16
106,8.8488035,11.277453,23,23
107,-6.5176344,1.934122,13,13
108,-4.621069,10.18152,19,19
109,2.1136496,-8.386656,3,3
110,-1.0647705,2.0311613,8,8
111,-9.67227,6.864011,5,5
112,9.672354,5.6872044,18,18
113,12.12262,8.836147,18,18
114,12.117568,8.831409,18,18
115,12.129976,8.843851,18,18
116,13.664639,17.975698,12,12
117,13.659619,17.954712,12,12
118,-5.3427124,3.730769,13,13
119,-1.2848271,-7.5561748,27,27
120,9.400663,16.809214,16,16
121,-9.217222,-1.272237,13,13
122,-9.219176,-1.2740173,13,13
123,13.093777,-12.171675,28,28
124,-5.783284,-5.2808623,11,11
125,-5.7930403,-5.2912164,11,11
126,-5.79038,-5.2882724,11,11
127,-5.7915115,-5.2889004,11,11
128,-1.600171,14.677058,0,0
129,-1.6311729,14.660743,0,0
130,-1.5990345,14.6785755,0,0
131,-1.5965167,14.680993,0,0
132,-1.6016307,14.677347,0,0
133,-1.5955509,14.677753,0,0
134,10.414956,4.454443,18,18
135,12.63361,6.131833,6,6
136,-0.07277193,-0.7339742,14,14
137,-3.9430618,10.217807,19,19
138,20.827698,-0.5685815,17,17
139,18.242205,21.196398,29,29
140,-6.057491,-5.557935,11,11
141,18.414812,-7.9067297,22,22
142,1.8161222,12.038759,30,30
143,16.510176,2.255399,17,17
144,-2.314986,0.6732686,8,8
145,-2.3096483,0.67795336,8,8
146,-2.3077307,0.68041986,8,8
147,-2.3153687,0.67314595,8,8
148,-2.3046317,0.6839137,8,8
149,4.8789196,-10.581724,24,24
150,15.4930525,-3.2061212,1,1
151,-3.115751,10.3673,19,19
152,-1.1021518,-7.3719544,27,27
153,-4.3300843,14.9494915,0,0
154,13.570024,2.891662,18,18
155,2.066035,-8.391388,3,3
156,2.0745347,-8.382422,3,3
157,2.0845485,-8.372841,3,3
158,2.0546653,-8.403074,3,3
159,9.5946045,11.753296,23,23
160,15.973462,22.423958,29,29
161,-10.093919,6.9099402,5,5
162,20.773571,-0.50433046,17,17
163,20.76018,-0.48871928,17,17
164,22.645653,12.331591,21,21
165,11.612934,12.416802,7,7
166,-11.28864,7.254533,5,5
167,1.4540721,18.652708,10,10
168,22.845705,12.743264,21,21
169,22.836903,12.740567,21,21
170,13.636696,2.8769398,18,18
171,-3.21048,20.50744,2,2
172,-10.176652,6.916983,5,5
173,-2.2526507,5.9955735,20,20
174,11.822566,16.023436,12,12
175,12.043202,8.798743,18,18
176,-11.480152,7.3585277,5,5
177,10.924542,4.005669,18,18
178,10.917589,4.010576,18,18
179,-3.2892337,20.655445,2,2
180,-3.2769544,20.651972,2,2
181,-3.2892861,20.655842,2,2
182,19.337845,-8.151125,22,22
183,13.070076,-12.193654,28,28
184,10.557756,7.9646096,18,18
185,-1.8675647,6.141765,20,20
186,13.744291,6.1460977,6,6
187,13.72149,6.1315656,6,6
188,13.139379,12.570256,7,7
189,0.18959571,-0.0330302,14,14
190,2.0336628,7.443663,20,20
191,2.0247781,7.4389405,20,20
192,18.70797,-9.233528,22,22
193,18.696184,-9.246028,22,22
194,18.708763,-9.23205,22,22
195,12.51901,20.395481,12,12
196,-2.0330198,19.306581,2,2
197,19.61521,-8.301387,22,22
198,19.636154,-8.31389,22,22
199,-6.517229,1.932376,13,13
200,-3.4171662,21.617348,2,2
201,4.655678,-9.491802,24,24
202,-1.7557139,19.11835,2,2
203,-1.7632875,19.12257,2,2
204,21.8203,10.754526,21,21
205,7.602811,19.567053,16,16
206,19.037256,19.309298,29,29
207,0.7629499,6.7980185,20,20
208,2.5383542,7.7683015,20,20
209,11.5461445,-9.332372,9,9
210,1.0982171,-1.6167431,14,14
211,-3.3821263,5.5731483,13,13
212,19.714146,-8.217689,22,22
213,19.74531,-8.215368,22,22
214,19.719389,-8.224321,22,22
215,19.70343,-8.240464,22,22
216,19.713562,-8.218433,22,22
217,19.695396,-8.227611,22,22
218,19.721237,-8.215879,22,22
219,19.708155,-8.227009,22,22
220,19.739977,-8.190057,22,22
221,19.728838,-8.188809,22,22
222,19.711264,-8.221857,22,22
223,19.715755,-8.216204,22,22
224,1.0920221,-1.6071188,14,14
225,4.507305,-9.052583,24,24
226,-2.3731856,23.117168,2,2
227,-2.3619885,23.120062,2,2
228,-2.3778133,23.109554,2,2
229,-2.3672223,23.115658,2,2
230,-2.380961,23.101917,2,2
231,-2.3673408,23.11517,2,2
232,-2.3673346,23.11547,2,2
233,-2.3622684,23.118713,2,2
234,-2.3260016,23.160799,2,2
235,-2.3715062,23.120161,2,2
236,-2.3685782,23.118975,2,2
237,11.887641,12.453561,7,7
238,-2.9267025,-10.065362,4,4
239,1.3841268,22.763952,2,2
240,1.6429058,-8.871335,3,3
241,15.973306,22.419874,29,29
242,15.955646,22.435465,29,29
243,15.971492,22.421278,29,29
244,16.874386,22.057804,29,29
245,13.058294,19.635231,12,12
246,9.632188,11.769466,23,23
247,10.687401,-0.2001121,1,1
248,7.6921477,9.930009,23,23
249,-2.5212276,19.66627,2,2
250,13.166191,16.560104,12,12
251,12.295254,20.669403,12,12
252,6.317034,-14.278342,26,26
253,6.30546,-14.278661,26,26
254,9.761198,6.759966,18,18
255,-0.0130504565,-0.45810434,14,14
256,21.197569,10.105055,21,21
257,17.100073,2.063284,17,17
258,7.5662985,9.539756,23,23
259,19.973671,9.5692425,21,21
260,0.7277106,6.801915,20,20
261,0.7109444,6.78558,20,20
262,-1.3801535,18.893574,2,2
263,14.432268,12.842841,7,7
264,13.547575,2.9091468,18,18
265,-1.1187071,10.974333,19,19
266,-1.1374717,10.958803,19,19
267,0.86144966,23.008612,2,2
268,13.369885,6.055305,6,6
269,22.208202,11.336423,21,21
270,1.2873838,-5.3107533,31,31
271,19.462955,0.6789213,17,17
272,-7.3276753,0.64328367,13,13
273,9.680266,16.66132,16,16
274,22.81718,12.697808,21,21
275,19.104067,9.726821,21,21
276,1.8282202,12.046899,30,30
277,6.303071,-14.283556,26,26
278,15.42292,-3.159834,1,1
279,-5.4167957,10.25273,19,19
280,20.567322,9.696571,21,21
281,-1.4868094,-10.835063,4,4
282,20.7893,-0.5221838,17,17
283,-3.5060818,5.490331,13,13
284,-5.804126,-5.3017635,11,11
285,19.029984,19.234797,29,29
286,19.932285,-4.5079846,25,25
287,-4.255437,-4.418971,11,11
288,4.6598883,-9.50252,24,24
289,9.373523,16.826122,16,16
290,-7.9882107,-0.10174537,13,13
291,-8.454792,-0.57721895,13,13
292,-1.9351183,1.110639,8,8
293,-1.9142588,1.1332201,8,8
294,-1.9114066,1.1372195,8,8
295,-7.33841,0.63164866,13,13
296,2.4925215,7.7353616,20,20
297,1.487249,-9.043143,3,3
298,1.4731274,-9.05774,3,3
299,4.612687,-9.35162,24,24
300,12.068932,8.814141,18,18
301,-6.562006,10.380101,19,19
302,-6.5871987,10.374573,19,19
303,-6.5866036,10.374076,19,19
304,2.0316293,12.19808,30,30
305,22.591518,12.205072,21,21
306,22.72607,12.501137,21,21
307,16.596579,-3.8452218,1,1
308,14.47969,12.857964,7,7
309,14.124104,2.7509062,18,18
310,8.070091,18.041214,16,16
311,7.956255,18.259539,16,16
312,15.101533,8.527991,6,6
313,-0.50641876,6.487198,20,20
314,2.6279242,-0.13625933,14,14
315,20.191221,0.06953132,17,17
316,13.477447,6.083465,6,6
317,-1.7008305,19.084244,2,2
318,-4.4672065,15.231785,0,0
319,-4.4733,15.225846,0,0
320,-0.365798,23.305357,2,2
321,8.474675,-3.0071695,15,15
322,-11.571332,7.4130945,5,5
323,-11.573747,7.4142885,5,5
324,-6.1501517,-5.6524744,11,11
325,20.8593,-0.60542256,17,17
326,19.79349,9.537328,21,21
327,10.380125,7.7810807,18,18
328,8.641828,11.107383,23,23
329,-2.3599615,10.554377,19,19
330,13.024502,19.685505,12,12
331,10.792141,-0.23003714,1,1
332,4.9712925,-11.3008175,24,24
333,18.689354,18.074018,29,29
334,19.815483,9.542468,21,21
335,21.905235,10.867793,21,21
336,13.061665,-1.4581442,1,1
337,-3.2376585,14.44159,0,0
338,-3.219513,14.434448,0,0
339,-6.8756967,1.2395512,13,13
340,18.910318,-4.858505,25,25
341,1.9926292,12.16929,30,30
342,20.96521,-0.75163805,17,17
343,-5.1558423,10.208292,19,19
344,22.559393,12.162206,21,21
345,-3.4455626,5.5362043,13,13
346,0.81551975,-5.180528,31,31
347,12.039736,21.007011,12,12
348,1.5660359,-8.956722,3,3
349,22.929033,12.948454,21,21
350,22.93027,12.9588585,21,21
351,8.103582,-2.3212826,15,15
352,-2.3245223,-4.6498423,11,11
353,-1.1577786,-7.428346,27,27
354,12.124314,16.084679,12,12
355,14.600602,8.849229,6,6
356,13.567954,18.548712,12,12
357,12.641299,6.136027,6,6
358,12.634848,6.136602,6,6
359,12.657051,6.128907,6,6
360,-4.253684,10.198231,19,19
361,0.1297048,-1.3246272,14,14
362,14.484791,6.6187644,6,6
363,-0.46822822,-10.519797,4,4
364,7.829018,-10.423086,9,9
365,16.567337,-3.8288476,1,1
366,-7.1981955,0.801416,13,13
367,-7.1835175,0.8177641,13,13
368,-2.9723532,-10.012103,4,4
369,10.498349,-4.4132905,15,15
370,2.3914554,12.535979,30,30
371,16.099586,22.349691,29,29
372,1.4347234,18.656803,10,10
373,-6.2330856,2.379856,13,13
374,9.088783,-9.32605,9,9
375,17.677559,1.8405398,17,17
376,20.012562,0.22934222,17,17
377,18.216173,-7.8104925,22,22
378,18.201864,-7.795544,22,22
379,9.772096,6.7744055,18,18
380,18.775377,-4.842873,25,25
381,-0.5874526,-10.561059,4,4
382,8.8076,-0.27849814,15,15
383,8.828012,-0.26148212,15,15
384,13.561884,9.051422,6,6
385,-1.5846518,-10.838106,4,4
386,10.990074,8.296292,18,18
387,-8.879801,6.74458,5,5
388,-11.258603,7.2363296,5,5
389,-11.240546,7.218079,5,5
390,9.700897,6.66435,18,18
391,-3.8881423,10.222407,19,19
392,1.5001631,7.144084,20,20
393,1.1498324,18.606928,10,10
394,18.210045,17.360163,29,29
395,18.182505,17.329933,29,29
396,18.195425,17.342726,29,29
397,18.192238,17.340364,29,29
398,-5.034057,4.092286,13,13
399,-5.049768,4.0764236,13,13
400,18.69189,18.053295,29,29
401,16.962404,-4.0417295,1,1
402,-1.8199198,10.744716,19,19
403,-0.103612825,-0.62429744,14,14
404,-5.1936507,-4.7216444,11,11
405,16.821629,22.089157,29,29
406,13.623707,18.251072,12,12
407,-3.4167707,21.627441,2,2
408,9.869827,-4.192439,15,15
409,-0.2778832,2.4783819,8,8
410,-0.30285954,2.4679234,8,8
411,8.764894,-9.549409,9,9
412,19.899672,-4.5226955,25,25
413,19.90853,-4.518033,25,25
414,19.457314,-8.515655,22,22
415,4.0225058,-8.298548,24,24
416,-7.2024674,10.264746,19,19
417,-7.194351,10.25459,19,19
418,-7.187948,10.260207,19,19
419,16.6434,2.211313,17,17
420,0.74686927,23.057644,2,2
421,1.4729292,7.148502,20,20
422,18.931293,-9.030581,22,22
423,1.4614207,1.0996417,14,14
424,8.237094,-9.996091,9,9
425,9.078673,-3.7273884,15,15
426,9.056545,-3.7055893,15,15
427,8.260551,-2.6411517,15,15
428,10.651536,8.039657,18,18
429,-5.7226195,10.298093,19,19
430,-5.720925,10.3041315,19,19
431,-5.716873,10.305836,19,19
432,-5.7220654,10.304395,19,19
433,0.80321974,2.539856,8,8
434,12.026221,21.020496,12,12
435,0.15798241,-1.369442,14,14
436,11.662184,-4.885994,15,15
437,-4.4723196,15.917951,0,0
438,12.243546,3.3160574,18,18
439,-3.265709,14.441644,0,0
440,-0.54057467,23.30183,2,2
441,-0.5364287,23.301643,2,2
442,6.4265494,-14.816222,26,26
443,0.8469423,6.8404126,20,20
444,-0.60426164,-10.567591,4,4
445,22.688086,12.419612,21,21
446,13.630976,9.06724,6,6
447,13.899077,2.8107457,18,18
448,-2.2391448,14.500748,0,0
449,-2.2552204,14.498274,0,0
450,-2.2205358,14.507946,0,0
451,7.826504,-10.409638,9,9
452,4.81541,-10.3539295,24,24
453,13.115248,16.508472,12,12
454,19.23409,9.642849,21,21
455,-1.0000966,11.006973,19,19
456,13.542604,17.076471,12,12
457,11.660427,-4.8845987,15,15
458,8.5411005,11.019668,23,23
459,-3.7073712,5.333307,13,13
460,22.936172,12.970837,21,21
461,-9.665645,6.876303,5,5
462,-9.649639,6.8617916,5,5
463,12.145169,12.477134,7,7
464,-5.3975573,10.248652,19,19
465,-5.4064026,10.249818,19,19
466,8.57579,11.050442,23,23
467,1.2680744,-1.5347252,14,14
468,13.714603,2.8559883,18,18
469,13.721057,2.8543396,18,18
470,22.391134,11.693254,21,21
471,18.225258,21.21494,29,29
472,18.209715,21.229721,29,29
473,10.45991,7.8680863,18,18
474,13.371795,16.819906,12,12
475,-4.4805937,16.246561,0,0
476,4.899046,-11.707291,24,24
477,9.862743,5.2315044,18,18
478,-0.08811722,-0.57726693,14,14
479,-1.0564762,18.740107,2,2
480,-1.038919,18.726576,2,2
481,-1.0508331,18.735596,2,2
482,-2.4917758,19.641104,2,2
483,8.80104,11.235738,23,23
484,-2.2152438,6.015642,20,20
485,4.947125,-11.423544,24,24
486,3.07624,-4.6325536,32,32
487,3.0713494,-4.636533,32,32
488,10.901136,-4.512996,15,15
489,-2.8100622,-4.5141335,11,11
490,21.194286,-2.9194694,17,17
491,18.220844,21.220064,29,29
492,-5.8951902,-5.3934593,11,11
493,13.660918,18.01641,12,12
494,3.081372,-4.6254334,32,32
495,8.082845,-10.133333,9,9
496,-3.987358,14.639281,0,0
497,7.4994884,19.7883,16,16
498,-5.357601,3.7142282,13,13
499,-5.354596,3.7190077,13,13
500,-5.352251,3.7236774,13,13
501,-5.3538446,3.7190819,13,13
502,-5.3563,3.7159088,13,13
503,-5.33726,3.7397506,13,13
504,-5.3756304,3.6958144,13,13
505,7.735176,18.811594,16,16
506,-3.5101278,14.478399,0,0
507,-3.5204198,14.480277,0,0
508,7.5519648,9.551547,23,23
509,7.5510263,9.549627,23,23
510,7.544197,9.546411,23,23
511,7.5504236,9.549887,23,23
512,7.550356,9.55619,23,23
513,12.314404,20.648952,12,12
514,9.164079,-3.7897358,15,15
515,-2.166591,14.521631,0,0
516,1.4477,1.0933696,14,14
517,-2.3415563,10.566746,19,19
518,-2.3351467,10.5728245,19,19
519,-2.3360462,10.572933,19,19
520,-3.9941788,5.0990224,13,13
521,-3.9624267,5.127577,13,13
522,7.588002,9.515221,23,23
523,2.4739647,-0.42311388,14,14
524,17.741693,-4.3875513,1,1
525,18.0602,1.6039304,17,17
526,1.1887825,0.90142655,14,14
527,9.225562,-9.246891,9,9
528,9.220682,-9.245368,9,9
529,12.617593,20.266243,12,12
530,13.728781,6.1311235,6,6
531,4.8380036,-10.421196,24,24
532,12.506404,12.499534,7,7
533,4.898539,-11.7155905,24,24
534,1.4021477,7.0978355,20,20
535,17.107796,-4.133874,1,1
536,0.28469107,23.18336,2,2
537,6.399878,-14.699672,26,26
538,19.062069,19.381956,29,29
539,0.16257182,-1.3523382,14,14
540,-1.827227,-10.768316,4,4
541,-1.4257351,23.276615,2,2
542,14.246707,8.977034,6,6
543,13.028265,19.678392,12,12
544,19.247646,-4.751919,25,25
545,0.48499876,23.12763,2,2
546,9.217095,-9.251121,9,9
547,9.209079,-9.253871,9,9
548,9.200659,-9.262194,9,9
549,9.207241,-9.254073,9,9
550,9.200666,-9.258856,9,9
551,20.554836,9.686362,21,21
552,0.18104665,-1.3707294,14,14
553,-1.9512811,-4.7560005,11,11
554,1.7827053,-8.707267,3,3
555,8.069707,-1.7057952,15,15
556,18.74814,18.219093,29,29
557,13.109845,3.0001876,18,18
558,-0.741974,6.4489408,20,20
559,9.828783,-9.0985775,9,9
560,19.255661,-8.136448,22,22
561,-1.094161,2.0036948,8,8
562,-1.0821733,2.0147977,8,8
563,2.5373306,7.765833,20,20
564,2.530971,7.7613354,20,20
565,16.037209,22.373308,29,29
566,10.733969,4.1600013,18,18
567,13.454145,12.614131,7,7
568,-0.11922152,-0.58828163,14,14
569,-4.139299,14.737339,0,0
570,14.902542,-2.8185587,1,1
571,12.593318,12.50832,7,7
572,12.593889,12.508313,7,7
573,12.593351,12.508298,7,7
574,18.774952,1.1790457,17,17
575,11.3516655,-4.721647,15,15
576,-3.2121325,22.280935,2,2
577,19.018501,19.13829,29,29
578,-3.120957,14.420968,0,0
579,-3.178424,14.433981,0,0
580,12.52178,-1.0967277,1,1
581,-4.5169835,10.186716,19,19
582,-4.5018773,10.186621,19,19
583,-4.503912,10.186343,19,19
584,-4.5169406,10.186353,19,19
585,-2.2633111,14.478475,0,0
586,20.848911,9.864839,21,21
587,-9.504284,-1.5212808,13,13
588,17.723608,1.8076988,17,17
589,11.249932,16.042015,12,12
590,-1.5306336,-10.842458,4,4
591,4.8192573,-10.360983,24,24
592,8.614263,-9.676498,9,9
593,2.082146,-0.934924,14,14
594,-0.5143394,2.366803,8,8
595,11.572047,-9.328812,9,9
596,18.98572,18.831268,29,29
597,3.085192,-4.6214523,32,32
598,3.084664,-4.6216164,32,32
599,3.102339,-4.604246,32,32
600,19.04095,19.342985,29,29
601,21.361355,-1.7590662,17,17
602,-2.2444427,6.003033,20,20
603,-2.2365203,6.0144567,20,20
604,12.3586235,20.594624,12,12
605,12.35904,20.591047,12,12
606,11.011337,-0.28838316,1,1
607,11.022104,-0.29090887,1,1
608,4.9677663,-11.314314,24,24
609,21.829794,10.764417,21,21
610,-0.68163824,-10.614096,4,4
611,-0.64999324,-10.588234,4,4
612,-0.65155894,-10.594041,4,4
613,-0.6535649,-10.589283,4,4
614,-0.65796936,-10.58115,4,4
615,-6.8498344,1.2784015,13,13
616,-5.6791706,3.219185,13,13
617,18.879917,18.55637,29,29
618,13.452233,18.886106,12,12
619,-0.37682542,6.510413,20,20
620,18.752666,20.541174,29,29
621,11.304159,12.346519,7,7
622,-4.0857377,14.693959,0,0
623,-4.072511,14.67797,0,0
624,8.433282,-9.828375,9,9
625,16.881336,-3.9906654,1,1
626,-2.243293,10.605115,19,19
627,0.22649257,-1.4210362,14,14
628,-1.6431898,14.681669,0,0
629,-2.9163601,14.436097,0,0
630,16.766287,22.117382,29,29
631,7.66361,19.187368,16,16
632,12.823499,3.116389,18,18
633,13.7674,9.088178,6,6
634,-0.55076665,2.3452861,8,8
635,16.561,-3.825482,1,1
636,18.4369,17.65437,29,29
637,15.975022,22.422377,29,29
638,-5.771922,10.323205,19,19
639,-5.756162,10.306244,19,19
640,20.612062,9.7296295,21,21
641,7.8009315,18.650509,16,16
642,0.96429896,2.461144,8,8
643,21.388338,-1.7302284,17,17
644,21.401007,-1.7528846,17,17
645,21.392103,-1.7446482,17,17
646,2.5803401,-0.25193864,14,14
647,10.445724,7.8536315,18,18
648,9.185558,16.940544,16,16
649,-8.985406,6.777281,5,5
650,9.269172,11.559731,23,23
651,14.903555,-2.8238158,1,1
652,0.3000171,2.6334586,8,8
653,-3.4614465,5.523341,13,13
654,-8.452952,-0.57554317,13,13
655,-8.465304,-0.58808655,13,13
656,-2.9683287,20.160725,2,2
657,11.897158,12.460166,7,7
658,-2.2936208,5.9800487,20,20
659,-3.260877,20.587734,2,2
660,8.340018,10.836253,23,23
661,8.368012,10.865013,23,23
662,0.7981001,6.8131614,20,20
663,13.417033,18.953808,12,12
664,12.715676,20.131153,12,12
665,1.9452823,12.128889,30,30
666,1.9561055,12.139868,30,30
667,1.9621712,12.145251,30,30
668,13.056534,-12.212177,28,28
669,19.388838,-4.705307,25,25
670,7.994276,-10.217874,9,9
671,12.713599,20.140015,12,12
672,21.373974,-2.4185884,17,17
673,19.130083,0.93117887,17,17
674,16.885786,22.057957,29,29
675,16.87956,22.061357,29,29
676,16.842443,22.09548,29,29
677,13.7979355,12.674087,7,7
678,11.194619,-0.35301387,1,1
679,11.191868,-0.3469392,1,1
680,9.147201,-9.2956,9,9
681,1.7846967,-1.2240325,14,14
682,15.372927,-3.122481,1,1
683,15.382583,-3.1289427,1,1
684,19.817146,9.52699,21,21
685,-5.768191,3.1040246,13,13
686,7.9083705,-10.307584,9,9
687,-5.76387,3.1101623,13,13
688,-5.760057,3.1155875,13,13
689,-1.3140967,23.285496,2,2
690,21.08813,-0.9351188,17,17
691,21.098074,-0.94652075,17,17
692,-3.4539106,-4.388332,11,11
693,-3.4858718,-4.399506,11,11
694,-3.4797833,-4.402283,11,11
695,-11.265744,7.239433,5,5
696,-2.5759058,-10.368949,4,4
697,-3.389293,-4.3753705,11,11
698,7.5805416,19.590014,16,16
699,4.4531345,-8.918498,24,24
700,-8.0400305,-0.1566292,13,13
701,10.320526,4.554073,18,18
702,20.975643,-0.7675848,17,17
703,-9.510594,-1.5280474,13,13
704,-9.516727,-1.53396,13,13
705,-9.504494,-1.521616,13,13
706,-9.51427,-1.5306702,13,13
707,-9.507255,-1.5242969,13,13
708,11.172056,-9.236056,9,9
709,-7.194123,10.251131,19,19
710,-2.5002167,14.475291,0,0
711,0.32661882,-1.4654045,14,14
712,11.658577,-4.885246,15,15
713,11.660965,-4.8865128,15,15
714,9.544056,16.726622,16,16
715,13.66312,17.78515,12,12
716,21.828466,10.763829,21,21
717,21.826956,10.762124,21,21
718,21.810696,10.745627,21,21
719,21.301157,-2.6921642,17,17
720,0.20569706,2.61094,8,8
721,-1.2961519,1.833154,8,8
722,-1.3074614,1.821954,8,8
723,2.4204843,-0.503534,14,14
724,2.4126832,-0.51286876,14,14
725,10.366249,-9.092292,9,9
726,-0.26399854,11.223186,19,19
727,0.14514199,-1.3414885,14,14
728,0.71477026,-5.1386952,31,31
729,0.72091603,-5.139582,31,31
730,0.72040206,-5.1392474,31,31
731,-1.3970867,14.551986,0,0
732,-0.64294,2.2808673,8,8
733,9.253183,-9.234897,9,9
734,4.8866525,-10.595218,24,24
735,-1.6799806,10.782596,19,19
736,11.407052,8.537797,18,18
737,-6.041179,10.351488,19,19
738,-3.361034,20.813719,2,2
739,11.661389,-9.3363285,9,9
740,-8.973943,6.786476,5,5
741,-3.0316286,-4.4478683,11,11
742,-0.06400514,-10.358205,4,4
743,22.942963,12.9822855,21,21
744,21.403606,-2.1323307,17,17
745,-4.2604523,-4.436335,11,11
746,13.134178,-1.518596,1,1
747,13.135335,-1.5175112,1,1
748,13.119071,-1.503316,1,1
749,-4.449513,15.169441,0,0
750,0.31891993,2.6183414,8,8
751,10.614768,4.26316,18,18
752,-1.4588646,18.946522,2,2
753,13.646887,17.381601,12,12
754,13.6496315,17.380987,12,12
755,13.649292,17.38114,12,12
756,0.4537955,-5.0558414,31,31
757,1.3892113,22.761702,2,2
758,1.6009263,-8.918654,3,3
759,-4.477989,15.8420925,0,0
760,18.902266,18.601257,29,29
761,10.992767,3.953791,18,18
762,4.6706376,-9.621173,24,24
763,20.054878,-4.44462,25,25
764,17.517063,-4.282194,1,1
765,15.388921,7.962655,6,6
766,19.209982,-4.7793612,25,25
767,8.564196,-3.1360517,15,15
768,10.592015,4.2857156,18,18
769,0.8089046,-5.1709228,31,31
770,8.068786,-1.7002729,15,15
771,-3.27192,20.616093,2,2
772,-3.2768967,20.622824,2,2
773,-4.476632,16.24577,0,0
774,0.76512736,0.5989018,14,14
775,8.189373,10.680712,23,23
776,19.487356,-8.49988,22,22
777,-9.325217,-1.3658181,13,13
778,-2.5719995,19.717253,2,2
779,2.667756,12.974686,30,30
780,21.286448,-1.3585792,17,17
781,19.402462,-8.557089,22,22
782,-8.924772,-1.0143678,13,13
783,-8.923827,-1.0134338,13,13
784,-8.91158,-1.0023291,13,13
785,9.701427,6.643182,18,18
786,9.693474,6.6346846,18,18
787,-1.4191573,14.563054,0,0
788,-1.5316781,-10.854104,4,4
789,13.33725,16.777529,12,12
790,8.106956,-1.1143434,15,15
791,9.028609,-0.17705096,15,15
792,-2.2745826,-4.6637464,11,11
793,-2.2583604,-4.667513,11,11
794,11.754574,-9.381247,9,9
795,11.734509,-9.374019,9,9
796,14.815447,8.73131,6,6
797,0.64262646,6.7645597,20,20
798,-8.799945,-0.9032585,13,13
799,-2.9564521,14.435243,0,0
800,4.8200374,-10.366255,24,24
801,-4.4397483,15.143108,0,0
802,-0.8735316,-7.1486087,27,27
803,-0.8585367,-7.13401,27,27
804,-0.8345435,-7.110453,27,27
805,-4.466304,15.897876,0,0
806,-0.06363037,-0.784615,14,14
807,-2.6648679,-4.553213,11,11
808,-2.6351612,-4.5682416,11,11
809,7.7382946,9.99872,23,23
810,-3.230099,10.343614,19,19
811,-2.6873748,-4.5344257,11,11
812,20.865387,-0.6147451,17,17
813,3.8707592,-8.191745,24,24
814,1.3908051,22.762445,2,2
815,9.740929,6.7278223,18,18
816,18.432978,-7.913178,22,22
817,8.065733,-1.6551224,15,15
818,8.066716,-1.6514223,15,15
819,13.1371765,16.5328,12,12
820,0.098039225,-1.2789891,14,14
821,-1.3306615,10.887818,19,19
822,13.137447,2.990463,18,18
823,-0.85420173,-7.1272926,27,27
824,8.076869,-1.9710177,15,15
825,9.963472,-9.04779,9,9
826,2.4186058,12.564423,30,30
827,9.788189,-9.119708,9,9
828,9.232085,16.906246,16,16
829,0.117460795,6.619059,20,20
830,-1.5661005,-10.856078,4,4
831,11.807467,16.021912,12,12
832,12.352703,20.598242,12,12
833,0.8019283,0.62777656,14,14
834,2.5459583,7.7733855,20,20
835,4.9714775,-11.286599,24,24
836,12.442078,12.486027,7,7
837,1.1930451,6.9822235,20,20
838,8.317783,-2.7377923,15,15
839,-2.077621,0.94620484,8,8
840,11.272028,12.330467,7,7
841,13.460796,18.873337,12,12
842,14.134456,-2.280481,1,1
843,-2.169894,0.83429813,8,8
844,-4.695154,10.182532,19,19
845,22.397335,11.702201,21,21
846,-1.6530398,19.054811,2,2
847,9.189502,16.93821,16,16
848,9.26048,16.883018,16,16
849,13.320614,6.0555797,6,6
850,18.882397,18.555422,29,29
851,2.4396303,-0.47660148,14,14
852,11.752174,-9.380507,9,9
853,2.0329945,7.4440002,20,20
854,2.0261478,7.4358506,20,20
855,2.022004,7.4417176,20,20
856,-0.09209198,-0.70120955,14,14
857,7.5488358,19.704613,16,16
858,20.496815,9.654978,21,21
859,1.0836161,22.91906,2,2
860,16.41192,2.2821164,17,17
861,-1.506007,10.827629,19,19
862,-1.7582282,6.1931686,20,20
863,17.11953,-4.1373115,1,1
864,16.05077,22.371426,29,29
865,1.0129571,22.947626,2,2
866,13.583535,17.197115,12,12
867,1.4004724,1.0475957,14,14
868,1.9855932,12.156885,30,30
869,13.434616,12.610325,7,7
870,-4.5054746,15.529111,0,0
871,-1.046507,18.73694,2,2
872,18.207695,-7.801318,22,22
873,-1.2957761,-7.5664897,27,27
874,11.378428,12.371793,7,7
875,-1.1065392,-10.7386265,4,4
876,-10.653171,6.923352,5,5
877,12.569091,-1.1297927,1,1
878,11.110501,-4.6125774,15,15
879,18.347012,-7.873478,22,22
880,13.783684,9.097658,6,6
881,1.3044742,-5.3131194,31,31
882,-2.6590724,22.860617,2,2
883,-7.74623,0.15939797,13,13
884,-7.739919,0.16611175,13,13
885,-2.7243173,10.465456,19,19
886,-2.7278242,10.464255,19,19
887,-2.7049258,10.470094,19,19
888,-10.766252,6.922797,5,5
889,-10.760125,6.9258265,5,5
890,-10.743625,6.907442,5,5
891,-9.434969,-1.4605682,13,13
892,8.309208,-2.7222877,15,15
893,-11.645676,7.461411,5,5
894,11.953938,16.04157,12,12
895,12.134431,8.835438,18,18
896,14.921411,2.5115569,18,18
897,14.9057255,2.5155487,18,18
898,15.393626,7.9336133,6,6
899,-3.6691625,14.5263815,0,0
900,-0.84844655,-10.670116,4,4
901,13.588789,18.45463,12,12
902,20.68957,-0.41455385,17,17
903,8.124557,-1.0697175,15,15
904,8.127443,-1.0678258,15,15
905,8.126392,-1.069311,15,15
906,8.1257715,-1.0696728,15,15
907,22.53351,12.073883,21,21
908,14.494987,-2.5497043,1,1
909,21.41261,-1.7377797,17,17
910,18.181808,21.258514,29,29
911,1.2800204,-5.3106055,31,31
912,14.196447,-2.3300283,1,1
913,-0.023084296,-0.9268873,14,14
914,11.617452,-4.8621926,15,15
915,20.565498,-0.2883027,17,17
916,1.1169269,0.85303646,14,14
917,-6.208345,2.4194117,13,13
918,10.799363,8.154342,18,18
919,11.730087,3.5461605,18,18
920,13.197926,2.9733415,18,18
921,-6.969245,10.350978,19,19
922,0.10327071,-1.3007149,14,14
923,0.121895,-1.3138913,14,14
924,-1.9157997,1.1304464,8,8
925,-7.1391044,0.87562734,13,13
926,8.487323,-0.56037116,15,15
927,15.397717,7.969964,6,6
928,18.776045,20.504978,29,29
929,8.080286,-2.0801957,15,15
930,-1.0329175,2.0480163,8,8
931,14.425377,8.918606,6,6
932,-5.032453,-4.6136384,11,11
933,0.1021227,6.614065,20,20
934,11.323198,16.033981,12,12
935,14.517925,6.648848,6,6
936,12.95847,-1.3887463,1,1
937,11.148756,8.390635,18,18
938,19.04371,19.445803,29,29
939,1.4650689,1.1028405,14,14
940,1.4725842,1.1104041,14,14
941,1.4792187,1.1154356,14,14
942,1.4666237,1.1067101,14,14
943,11.055968,3.9062738,18,18
944,0.680208,-5.1235323,31,31
945,16.897842,2.1311593,17,17
946,15.715872,-3.3530264,1,1
947,15.727587,-3.3559434,1,1
948,-9.511052,6.853544,5,5
949,18.449024,17.657286,29,29
950,-4.0807233,5.022593,13,13
951,8.573783,11.047775,23,23
952,19.680567,0.5150916,17,17
953,-0.42817542,23.306494,2,2
954,-0.18754824,6.5480494,20,20
955,1.8908018,-1.1389371,14,14
956,18.919823,1.0873724,17,17
957,11.071644,3.8972058,18,18
958,9.6326885,-9.141698,9,9
959,-0.114037596,-0.60621387,14,14
960,-0.07383541,-0.7407557,14,14
961,13.4016,16.865307,12,12
962,1.5246489,7.1835365,20,20
963,9.804313,-4.1618924,15,15
964,21.255882,-1.2659304,17,17
965,13.003298,19.716818,12,12
966,12.987107,19.722729,12,12
967,12.394413,6.265263,6,6
968,12.409088,6.254826,6,6
969,10.9769335,16.112986,12,12
970,18.700657,1.2230691,17,17
971,18.223198,-7.812669,22,22
972,18.21662,-7.8074512,22,22
973,0.23352595,6.6431975,20,20
974,9.254694,11.551863,23,23
975,9.246838,11.547437,23,23
976,19.162624,-4.7855415,25,25
977,15.149022,8.474894,6,6
978,15.151237,8.468412,6,6
979,-1.3472391,18.876867,2,2
980,-1.3596534,18.884165,2,2
981,12.018217,21.030247,12,12
982,11.390036,-4.7410655,15,15
983,11.374264,-4.731939,15,15
984,11.233727,12.3010025,7,7
985,19.885912,-4.525156,25,25
986,17.72276,-4.379594,1,1
987,-0.13221523,-10.387044,4,4
988,8.161372,-1.0146722,15,15
989,0.14673018,23.209011,2,2
990,2.1799536,-0.8239743,14,14
991,-7.0501122,10.329046,19,19
992,-7.042081,10.328803,19,19
993,4.8407516,-10.433204,24,24
994,13.600269,12.640095,7,7
995,-3.1921635,22.3033,2,2
996,22.614742,12.269789,21,21
997,-1.8568165,-10.752357,4,4
998,19.24004,0.84990734,17,17
999,19.24744,0.84239095,17,17
1000,-4.4794283,16.240517,0,0
1001,18.038092,1.618098,17,17
1002,2.7239594,13.057882,30,30
1003,-8.926164,6.787075,5,5
1004,-11.703428,7.506811,5,5
1005,4.613217,-9.353666,24,24
1006,11.282387,16.036848,12,12
1007,18.112106,21.320574,29,29
1008,0.86047333,2.5273879,8,8
1009,2.6328473,-0.13866228,14,14
1010,-2.9636793,-10.025751,4,4
1011,13.90864,-2.1020503,1,1
1012,-9.369596,6.8241224,5,5
1013,-9.364511,6.823602,5,5
1014,-0.59545827,-10.568462,4,4
1015,-5.1835165,-4.712222,11,11
1016,-5.586573,3.3762453,13,13
1017,16.877775,-3.9885373,1,1
1018,7.502167,19.77372,16,16
1019,7.504645,19.770308,16,16
1020,7.4985137,19.780672,16,16
1021,8.323687,-0.7672861,15,15
1022,8.572807,-3.1435752,15,15
1023,21.037937,9.98269,21,21
1024,13.034336,-12.223442,28,28
1025,13.057476,-12.200893,28,28
1026,1.5515997,18.6726,10,10
1027,1.5540184,18.675165,10,10
1028,1.5577106,18.677391,10,10
1029,1.5610445,18.677214,10,10
1030,1.5547334,18.675611,10,10
1031,-4.8456087,10.185861,19,19
1032,-10.861993,6.992846,5,5
1033,-11.566948,7.401107,5,5
1034,-11.610191,7.4397125,5,5
1035,1.3854939,22.762798,2,2
1036,1.1362667,-1.597697,14,14
1037,19.170681,0.9038499,17,17
1038,-4.469838,10.182322,19,19
1039,-4.4859548,10.187661,19,19
1040,14.221401,8.982956,6,6
1041,12.900828,3.0780997,18,18
1042,-3.3679256,10.296795,19,19
1043,14.018,-2.1885233,1,1
1044,14.011181,-2.1815805,1,1
1045,-4.4936543,15.391262,0,0
1046,-6.230624,2.3845007,13,13
1047,12.684052,20.176714,12,12
1048,16.618158,22.18655,29,29
1049,18.327494,21.094728,29,29
1050,-1.7645848,19.114992,2,2
1051,-1.7937055,19.141472,2,2
1052,7.793985,18.66965,16,16
1053,19.241776,9.650849,21,21
1054,-4.024058,5.0727296,13,13
1055,-4.0244026,5.0724964,13,13
1056,12.367819,6.2811666,6,6
1057,-0.9564239,23.3065,2,2
1058,0.3125555,6.671235,20,20
1059,15.2967,2.4621105,18,18
1060,9.672587,11.782058,23,23
1061,1.350709,7.0819054,20,20
1062,1.3293624,7.062218,20,20
1063,8.233035,10.728438,23,23
1064,2.2484941,-0.7362679,14,14
1065,-1.3535367,18.881044,2,2
1066,-1.0073708,23.304392,2,2
1067,-2.9419422,-10.051684,4,4
1068,-0.111560345,-10.377651,4,4
1069,1.1850966,-5.270548,31,31
1070,-3.2548144,22.191137,2,2
1071,14.626298,8.838972,6,6
1072,-0.0746985,-0.71228194,14,14
1073,10.38897,-0.13856569,1,1
1074,11.388599,8.528845,18,18
1075,1.3139131,0.9852515,14,14
1076,19.644579,0.5424751,17,17
1077,19.650463,0.53785115,17,17
1078,14.2027645,2.7294426,18,18
1079,19.808659,0.40760264,17,17
1080,-2.261944,-4.6672873,11,11
1081,18.591024,17.894434,29,29
1082,-5.184964,-4.7167587,11,11
1083,-6.1786356,2.4586036,13,13
1084,20.430416,-0.15643957,17,17
1085,9.645706,6.3865457,18,18
1086,9.237168,11.539145,23,23
1087,10.556859,7.96358,18,18
1088,14.1976185,-2.3308663,1,1
1089,14.2060375,-2.3411946,1,1
1090,14.187944,-2.3237474,1,1
1091,14.195184,-2.3293273,1,1
1092,-0.85549724,-10.691895,4,4
1093,0.5060139,23.12192,2,2
1094,21.304302,10.199688,21,21
1095,-0.2570009,23.29644,2,2
1096,10.985058,16.110838,12,12
1097,9.673834,6.53815,18,18
1098,9.626089,5.9739575,18,18
1099,-1.4206971,10.862525,19,19
1100,20.480974,-4.167126,25,25
1101,9.659975,5.750308,18,18
1102,1.9120504,12.104691,30,30
1103,10.113755,-9.058299,9,9
1104,7.813635,-10.392661,9,9
1105,1.0978953,18.596727,10,10
1106,21.379671,-1.6374431,17,17
1107,-6.069934,-5.570776,11,11
1108,-6.065616,-5.5663342,11,11
1109,18.963507,-8.999567,22,22
1110,11.279746,12.332931,7,7
1111,11.209691,-9.243331,9,9
1112,-3.7450795,14.547034,0,0
1113,7.5082326,19.763592,16,16
1114,0.47583336,0.34884003,14,14
1115,12.47025,-1.0586458,1,1
1116,-2.625231,14.463081,0,0
1117,6.554682,-15.068436,26,26
1118,13.669692,17.963829,12,12
1119,17.306597,21.825111,29,29
1120,-1.5307807,-10.846754,4,4
1121,18.656902,20.665705,29,29
1122,12.999782,19.7204,12,12
1123,-2.2714007,-4.664585,11,11
1124,13.819208,2.8133616,18,18
1125,11.545315,-9.330757,9,9
1126,10.440047,-4.394247,15,15
1127,-1.208858,6.3372397,20,20
1128,13.067803,-12.193007,28,28
1129,13.068592,-12.192237,28,28
1130,13.082105,-12.179002,28,28
1131,13.07197,-12.189233,28,28
1132,13.098557,-12.162571,28,28
1133,13.074786,-12.187271,28,28
1134,13.075552,-12.185665,28,28
1135,13.069823,-12.191258,28,28
1136,9.781453,6.793458,18,18
1137,9.797486,6.810085,18,18
1138,-1.9671658,1.0736822,8,8
1139,-4.2708797,-4.4412313,11,11
1140,-7.8119454,0.08942725,13,13
1141,-7.7939777,0.10783695,13,13
1142,13.153811,-1.5295469,1,1
1143,-8.534814,-0.6539108,13,13
1144,12.267857,20.710123,12,12
1145,8.535762,-9.743757,9,9
1146,-4.491723,16.221104,0,0
1147,2.5452573,-0.30716595,14,14
1148,-1.8196963,-10.767855,4,4
1149,8.086024,-1.1266811,15,15
1150,12.63192,20.247576,12,12
1151,12.623156,20.257607,12,12
1152,13.715441,2.8565984,18,18
1153,14.902666,7.0318313,6,6
1154,14.896645,7.0232315,6,6
1155,1.1435199,6.9494815,20,20
1156,-2.1592376,0.8450938,8,8
1157,20.485334,9.658341,21,21
1158,13.663811,17.990526,12,12
1159,-6.940045,10.34258,19,19
1160,18.44635,17.656101,29,29
1161,1.1885253,-1.5834068,14,14
1162,-1.0791328,-7.349282,27,27
1163,-0.9008301,-7.1742945,27,27
1164,-10.797579,6.965964,5,5
1165,-10.7842245,6.950805,5,5
1166,-10.778265,6.9487925,5,5
1167,-10.788466,6.9519124,5,5
1168,-10.783524,6.951284,5,5
1169,-10.80875,6.968313,5,5
1170,18.92631,-9.033486,22,22
1171,22.307701,11.49674,21,21
1172,22.310177,11.49937,21,21
1173,12.493716,16.189573,12,12
1174,21.098215,-0.94713026,17,17
1175,8.086523,-1.7692531,15,15
1176,8.071505,-1.7320826,15,15
1177,18.374321,-7.8920655,22,22
1178,8.368093,17.51744,16,16
1179,18.044964,1.6178248,17,17
1180,-0.9089511,11.038936,19,19
1181,-4.9245024,4.216328,13,13
1182,-4.910793,4.231062,13,13
1183,0.43870232,2.6077077,8,8
1184,-2.992453,22.558905,2,2
1185,2.7125976,13.059119,30,30
1186,10.658052,-0.19299527,1,1
1187,15.389395,7.91968,6,6
1188,15.392311,7.9318132,6,6
1189,15.395078,7.9320254,6,6
1190,20.085146,0.16437194,17,17
1191,13.572643,2.8947258,18,18
1192,13.726549,12.665451,7,7
1193,-1.3000926,-7.570869,27,27
1194,-1.3085328,-7.5791035,27,27
1195,-1.3082542,-7.576198,27,27
1196,1.5122014,-9.015345,3,3
1197,8.254552,-9.98138,9,9
1198,10.883604,-4.5178566,15,15
1199,4.4240446,-8.859387,24,24
1200,18.774324,18.28323,29,29
1201,19.409887,-4.7072563,25,25
1202,6.5740995,-15.093475,26,26
1203,20.193163,0.06755759,17,17
1204,8.19522,-0.95731014,15,15
1205,-3.0204554,22.530037,2,2
1206,19.137962,-4.7996445,25,25
1207,11.916756,16.033606,12,12
1208,8.263305,-2.6582499,15,15
1209,13.977692,12.725077,7,7
1210,8.12441,-2.3903985,15,15
1211,13.259035,6.064856,6,6
1212,8.691646,-3.2868068,15,15
1213,-8.938907,6.768323,5,5
1214,8.065663,-1.6527686,15,15
1215,2.6099274,7.8348846,20,20
1216,8.2724695,17.640959,16,16
1217,1.1454339,18.604902,10,10
1218,1.1604023,18.606798,10,10
1219,18.958384,18.77351,29,29
1220,1.3984828,22.759312,2,2
1221,7.5595884,9.678522,23,23
1222,11.243562,-9.263835,9,9
1223,11.241786,-9.254602,9,9
1224,-8.832133,-0.9327184,13,13
1225,-8.832093,-0.93276995,13,13
1226,12.692884,16.269442,12,12
1227,13.198878,-1.5658299,1,1
1228,8.646874,-0.39795375,15,15
1229,-1.4995794,14.618303,0,0
1230,8.735569,-0.3245708,15,15
1231,18.391033,21.024324,29,29
1232,12.879536,19.893642,12,12
1233,-6.8724365,1.2431244,13,13
1234,0.29212645,-10.19806,4,4
1235,18.69265,18.06096,29,29
1236,13.580027,18.49934,12,12
1237,15.14273,8.483038,6,6
1238,19.256075,9.648379,21,21
1239,7.68457,9.915383,23,23
1240,10.675668,-9.145929,9,9
1241,18.664276,20.65696,29,29
1242,-1.9286538,1.1170226,8,8
1243,4.6082535,-9.362876,24,24
1244,1.4252617,1.0669725,14,14
1245,12.374011,20.575495,12,12
1246,-9.524325,-1.5411128,13,13
1247,11.110433,3.8740897,18,18
1248,15.368959,-3.1190426,1,1
1249,11.116202,-4.6121173,15,15
1250,4.875272,-11.702436,24,24
1251,13.245189,12.587899,7,7
1252,13.272403,12.616878,7,7
1253,6.557481,-15.076215,26,26
1254,13.432853,12.601977,7,7
1255,1.2934949,-5.321718,31,31
1256,1.2864543,-5.313649,31,31
1257,1.2954034,-5.3213787,31,31
1258,17.790403,1.7704399,17,17
1259,17.790903,1.7717311,17,17
1260,13.786822,2.8366227,18,18
1261,2.3696837,12.50952,30,30
1262,-3.2658548,22.160545,2,2
1263,-11.710998,7.513694,5,5
1264,-11.712367,7.5144196,5,5
1265,-11.712997,7.5146427,5,5
1266,16.05086,22.370926,29,29
1267,13.473165,12.616215,7,7
1268,2.6460943,12.938611,30,30
1269,13.035519,3.0345016,18,18
1270,12.928983,16.391296,12,12
1271,0.28293666,23.192715,2,2
1272,1.2935588,7.0297914,20,20
1273,-4.1440706,-4.4260015,11,11
1274,4.8040032,-10.344536,24,24
1275,8.336814,-9.910828,9,9
1276,-5.037582,-4.630003,11,11
1277,-1.503209,10.815477,19,19
1278,-2.157251,14.525086,0,0
1279,-3.4563198,5.5280643,13,13
1280,1.8237097,-1.1918167,14,14
1281,2.0695467,-8.389078,3,3
1282,2.0851095,-8.373038,3,3
1283,0.7440177,-5.124384,31,31
1284,1.1405896,-5.2460165,31,31
1285,-2.1902986,-4.6954613,11,11
1286,4.688072,-9.710694,24,24
1287,4.4708285,-8.959039,24,24
1288,12.919861,-1.3561834,1,1
1289,3.0796783,-4.6235576,32,32
1290,1.4931899,-9.036549,3,3
1291,4.9956746,-11.221971,24,24
1292,15.046496,2.5016925,18,18
1293,15.05074,2.5005565,18,18
1294,15.068999,2.496306,18,18
1295,-7.043799,10.325552,19,19
1296,20.480673,-4.166746,25,25
1297,20.514688,-4.132373,25,25
1298,20.47449,-4.1718893,25,25
1299,20.47724,-4.169543,25,25
1300,-2.6093287,-10.349362,4,4
1301,6.4989896,-14.981016,26,26
1302,21.250925,-1.2379553,17,17
1303,8.5589485,-3.125008,15,15
1304,9.563936,16.715792,16,16
1305,-0.7960709,11.079347,19,19
1306,-1.9881357,-4.744458,11,11
1307,0.07686691,-1.2187921,14,14
1308,9.2179785,16.915909,16,16
1309,9.218274,16.91597,16,16
1310,-6.1809144,-5.6834855,11,11
1311,-6.1856,-5.6883664,11,11
1312,-7.034578,1.0200266,13,13
1313,15.254629,7.5959983,6,6
1314,14.239791,2.7158792,18,18
1315,1.3839244,22.765236,2,2
1316,8.158609,10.625505,23,23
1317,13.689567,9.081599,6,6
1318,-2.9234428,-10.069969,4,4
1319,13.528492,17.05994,12,12
1320,13.527856,17.060303,12,12
1321,-3.9068716,5.171726,13,13
1322,11.405765,-9.30706,9,9
1323,12.602972,6.1362457,6,6
1324,8.222018,10.717039,23,23
1325,-1.3789036,23.28052,2,2
1326,3.9094636,-8.1957245,24,24
1327,3.9094858,-8.194753,24,24
1328,-0.04470127,-0.49662566,14,14
1329,21.164711,-1.0595063,17,17
1330,1.6171958,7.230376,20,20
1331,20.759045,9.814422,21,21
1332,-1.9095455,10.719961,19,19
1333,8.405262,-2.877088,15,15
1334,2.4754348,12.650751,30,30
1335,18.197613,21.243336,29,29
1336,7.5558386,9.576027,23,23
1337,-7.193881,10.255363,19,19
1338,12.341177,20.613907,12,12
1339,-2.3186119,10.578239,19,19
1340,-2.3080065,10.5919485,19,19
1341,8.578229,-3.1510227,15,15
1342,-2.037892,0.99144334,8,8
1343,0.4792735,0.35384008,14,14
1344,0.35970172,2.6130002,8,8
1345,0.3587705,2.6140957,8,8
1346,0.357449,2.6148179,8,8
1347,13.561929,12.632937,7,7
1348,10.336765,-0.13288198,1,1
1349,10.387251,7.790119,18,18
1350,20.004288,-4.470616,25,25
1351,21.127687,10.048759,21,21
1352,8.666569,-9.630311,9,9
1353,21.379438,-2.402503,17,17
1354,11.80026,8.702254,18,18
1355,-2.481527,-4.6057,11,11
1356,12.953507,19.782864,12,12
1357,-0.6531297,11.102395,19,19
1358,13.126388,2.9849713,18,18
1359,-1.7890607,6.1702166,20,20
1360,-4.8999815,4.2408476,13,13
1361,4.9776134,-11.259609,24,24
1362,-4.1349645,4.9718914,13,13
1363,7.797536,18.655613,16,16
1364,0.8219292,-5.183969,31,31
1365,0.8731474,2.5390892,8,8
1366,1.7864939,12.014813,30,30
1367,20.514473,-4.1273355,25,25
1368,18.715912,-9.227227,22,22
1369,2.1264453,-8.3676,3,3
1370,0.075989805,2.5889573,8,8
1371,19.743914,0.46428812,17,17
1372,2.3615685,12.501233,30,30
1373,-1.9112887,1.1373415,8,8
1374,1.4174681,1.0602505,14,14
1375,0.37074894,23.16349,2,2
1376,16.456926,2.266821,17,17
1377,-0.5996413,11.117588,19,19
1378,-4.844804,10.196268,19,19
1379,9.982931,11.944434,23,23
1380,6.359257,-14.5640135,26,26
1381,0.82426673,-5.18347,31,31
1382,0.7985887,-5.166273,31,31
1383,12.285059,3.299443,18,18
1384,14.511734,-2.561472,1,1
1385,21.109186,-0.9644226,17,17
1386,-9.444251,6.833556,5,5
1387,13.647953,17.364698,12,12
1388,13.645519,17.346638,12,12
1389,13.64747,17.363344,12,12
1390,11.103372,-0.31399316,1,1
1391,-1.3785272,14.540018,0,0
1392,-6.420128,2.0736957,13,13
1393,11.368615,12.370099,7,7
1394,10.944034,8.260055,18,18
1395,1.0766553,0.82406706,14,14
1396,14.516735,8.881952,6,6
1397,0.4447731,0.3205335,14,14
1398,15.988201,22.40954,29,29
1399,-1.2151119,6.3357277,20,20
1400,11.144283,3.86335,18,18
1401,12.038973,12.470101,7,7
1402,14.102179,12.767891,7,7
1403,15.979988,22.413439,29,29
1404,21.40099,-2.1373017,17,17
1405,20.77218,-0.5071504,17,17
1406,20.632378,9.747366,21,21
1407,13.105542,-1.4925606,1,1
1408,-1.9843836,10.680211,19,19
1409,-0.8989094,6.422903,20,20
1410,13.581988,9.047294,6,6
1411,9.115907,-0.15837786,15,15
1412,13.978646,-2.1571624,1,1
1413,1.022934,0.7865547,14,14
1414,6.304059,-14.2770815,26,26
1415,-10.176083,6.9163346,5,5
1416,13.027418,16.450708,12,12
1417,-4.9810505,4.152947,13,13
1418,18.782421,1.1744757,17,17
1419,-4.496489,15.439091,0,0
1420,16.074581,22.361275,29,29
1421,14.524595,12.8849745,7,7
1422,14.462642,12.843632,7,7
1423,1.8019071,-1.2110097,14,14
1424,1.6446561,-8.869461,3,3
1425,0.10296741,-1.2849238,14,14
1426,8.411339,10.903912,23,23
1427,10.376167,-9.088673,9,9
1428,12.496957,16.190071,12,12
1429,1.3818134,-1.4708467,14,14
1430,-9.619307,6.86014,5,5
1431,-9.579506,6.8373413,5,5
1432,4.897196,-10.617577,24,24
1433,2.7174096,13.047483,30,30
1434,20.459053,9.652548,21,21
1435,-9.879256,6.887559,5,5
1436,17.581593,-4.304758,1,1
1437,0.41175792,-5.037895,31,31
1438,-1.971062,1.0688852,8,8
1439,-1.4933155,14.614076,0,0
1440,-3.3397334,5.6026173,13,13
1441,-3.3462334,5.5927052,13,13
1442,-1.3602769,18.883701,2,2
1443,16.51378,2.2471483,17,17
1444,10.911597,-4.5271416,15,15
1445,4.8811617,-11.693439,24,24
1446,4.8922343,-11.686584,24,24
1447,4.874113,-11.71554,24,24
1448,10.798243,-0.23074396,1,1
1449,-0.876311,-7.149686,27,27
1450,-3.019172,20.222275,2,2
1451,22.386457,11.659313,21,21
1452,17.269835,21.857534,29,29
1453,0.62250775,2.576775,8,8
1454,-4.4525023,15.17104,0,0
1455,12.245711,3.3144517,18,18
1456,12.2491255,3.3128934,18,18
1457,12.244302,3.3151264,18,18
1458,9.716328,11.8090725,23,23
1459,-6.6148887,10.371482,19,19
1460,-1.0869827,10.97698,19,19
1461,-4.4813504,16.246016,0,0
1462,10.399785,-0.140807,1,1
1463,14.458757,12.843443,7,7
1464,-1.8389574,10.743731,19,19
1465,-5.7656693,-5.2640667,11,11
1466,2.4975367,7.7296047,20,20
1467,8.090557,-2.2738187,15,15
1468,-10.113211,6.9121385,5,5
1469,11.722061,-9.369378,9,9
1470,0.49534625,-10.086089,4,4
1471,0.497117,-10.084866,4,4
1472,0.49687862,-10.084952,4,4
1473,0.49569714,-10.085634,4,4
1474,0.49678358,-10.0849495,4,4
1475,7.580969,9.672108,23,23
1476,8.542,-3.0984776,15,15
1477,4.2427354,-8.517794,24,24
1478,14.545891,6.672445,6,6
1479,14.287112,6.4656816,6,6
1480,14.30245,6.480975,6,6
1481,21.402882,-2.1020293,17,17
1482,9.306725,16.857319,16,16
1483,4.661077,-9.521397,24,24
1484,8.550023,-3.1087947,15,15
1485,-2.7643485,-4.526143,11,11
1486,9.532543,16.738829,16,16
1487,-2.5879931,-10.367664,4,4
1488,18.996809,18.853794,29,29
1489,18.984322,18.830599,29,29
1490,-1.8933978,-4.7762327,11,11
1491,15.075013,7.255389,6,6
1492,-1.8992864,-4.777594,11,11
1493,-1.8978713,-4.781911,11,11
1494,-1.9024158,-4.7768006,11,11
1495,11.961379,8.768433,18,18
1496,-1.0578011,-7.328398,27,27
1497,11.171249,-9.238533,9,9
1498,-4.497088,15.346215,0,0
1499,10.394553,4.474059,18,18
1500,12.956588,-12.280293,28,28
1501,19.867825,0.3561592,17,17
1502,11.182438,-0.34274405,1,1
1503,0.7610411,6.808818,20,20
1504,2.435417,12.580486,30,30
1505,13.697321,6.124328,6,6
1506,9.062385,-0.16006003,15,15
1507,6.562161,-15.085202,26,26
1508,-3.4150004,21.638657,2,2
1509,-1.357843,18.87445,2,2
1510,-1.3709707,18.888294,2,2
1511,-1.3723078,18.888659,2,2
1512,1.2075006,-5.2739596,31,31
1513,17.020292,21.988873,29,29
1514,13.665153,17.961298,12,12
1515,17.334087,1.9672109,17,17
1516,9.670853,-4.088468,15,15
1517,2.6359477,7.8614125,20,20
1518,-4.1948485,-4.428183,11,11
1519,-4.191274,-4.428361,11,11
1520,18.911892,-4.8483396,25,25
1521,11.261715,16.04099,12,12
1522,-4.6616864,10.181667,19,19
1523,0.84255767,23.016277,2,2
1524,12.358674,20.59535,12,12
1525,9.0425,11.409399,23,23
1526,11.010868,-0.292913,1,1
1527,16.606384,-3.8518105,1,1
1528,7.7395444,18.796715,16,16
1529,-2.6127214,-10.346258,4,4
1530,10.9581,16.124172,12,12
1531,0.20992881,-10.248887,4,4
1532,10.944599,8.262149,18,18
1533,19.088278,9.737799,21,21
1534,11.631407,-4.872748,15,15
1535,-3.4532583,5.530801,13,13
1536,10.978536,16.11031,12,12
1537,8.421658,-2.8984468,15,15
1538,13.15518,16.547089,12,12
1539,18.625261,17.952785,29,29
1540,12.01,21.0377,12,12
1541,15.33218,8.131796,6,6
1542,2.5476928,-0.3030605,14,14
1543,18.90765,-8.063152,22,22
1544,8.491653,-3.0200796,15,15
1545,10.790458,8.153893,18,18
1546,18.624357,20.706688,29,29
1547,-0.5668735,23.3032,2,2
1548,-0.6922784,23.302656,2,2
1549,13.493147,18.7996,12,12
1550,21.85591,10.795519,21,21
1551,2.6217053,7.8448825,20,20
1552,2.6349037,7.8602667,20,20
1553,0.68048316,18.56508,10,10
1554,9.485023,-9.174691,9,9
1555,1.2759897,-5.3072386,31,31
1556,11.229151,-0.36285114,1,1
1557,-6.254409,10.371103,19,19
1558,9.646143,5.8046484,18,18
1559,15.1329,2.4867845,18,18
1560,-3.388275,21.757936,2,2
1561,8.015788,-10.197944,9,9
1562,17.752604,-4.398702,1,1
1563,-3.423049,21.020426,2,2
1564,-4.3225656,14.94495,0,0
1565,-6.097459,-5.5985394,11,11
1566,14.849652,6.967975,6,6
1567,-1.2406121,1.8798705,8,8
1568,15.309897,8.1869335,6,6
1569,8.035398,18.097853,16,16
1570,-3.0091743,20.209919,2,2
1571,11.360825,8.519644,18,18
1572,11.338232,8.501795,18,18
1573,2.0641859,-0.95499945,14,14
1574,20.57773,-4.0446763,25,25
1575,-0.93245393,11.030507,19,19
1576,15.398817,7.954337,6,6
1577,9.858473,-4.182251,15,15
1578,-1.6886513,23.236458,2,2
1579,9.739505,5.5003343,18,18
1580,9.723835,5.515306,18,18
1581,9.711444,5.5234823,18,18
1582,18.181688,17.324984,29,29
1583,4.9983807,-11.220445,24,24
1584,0.23925336,-10.226426,4,4
1585,-6.5279408,1.9157246,13,13
1586,11.0147705,16.084799,12,12
1587,14.773757,6.8915143,6,6
1588,22.3263,11.526808,21,21
1589,9.373207,16.819754,16,16
1590,-0.55802244,2.338088,8,8
1591,13.574554,17.16762,12,12
1592,8.122414,-2.3862312,15,15
1593,21.274841,-2.7466054,17,17
1594,12.625649,20.255531,12,12
1595,18.592606,17.897673,29,29
1596,7.6512055,19.272295,16,16
1597,-3.9958792,14.626567,0,0
1598,11.225611,12.314105,7,7
1599,9.570285,16.71264,16,16
1600,10.673967,4.2107763,18,18
1601,13.446247,18.903177,12,12
1602,19.03997,19.447418,29,29
1603,19.03723,19.470901,29,29
1604,9.666216,6.541382,18,18
1605,4.4533696,-8.913432,24,24
1606,16.57831,-3.83545,1,1
1607,12.984698,19.742157,12,12
1608,10.919991,16.137453,12,12
1609,14.224734,-2.3534956,1,1
1610,8.003851,18.156797,16,16
1611,-0.19276956,6.548598,20,20
1612,12.075566,8.817248,18,18
1613,17.638058,1.8404615,17,17
1614,11.034755,3.9214714,18,18
1615,11.281675,-9.255618,9,9
1616,21.289358,10.187384,21,21
1617,12.983186,-12.262363,28,28
1618,8.145977,-2.419382,15,15
1619,20.806778,9.842596,21,21
1620,20.793375,9.82994,21,21
1621,1.5594765,18.682486,10,10
1622,1.547128,18.671534,10,10
1623,-3.9535317,10.218172,19,19
1624,-3.9747276,10.213779,19,19
1625,11.0467205,3.9142551,18,18
1626,19.142601,0.92509335,17,17
1627,8.083436,18.025415,16,16
1628,0.3852195,-5.027084,31,31
1629,0.3843921,-5.0282354,31,31
1630,-4.484517,15.881866,0,0
1631,-3.0036445,22.550991,2,2
1632,-3.1679296,-4.4187737,11,11
1633,-10.767924,6.933666,5,5
1634,17.893236,1.7031316,17,17
1635,18.414389,17.606907,29,29
1636,0.008633944,-10.32817,4,4
1637,7.624679,19.475794,16,16
1638,7.624646,19.475925,16,16
1639,7.627654,19.470924,16,16
1640,16.016436,22.390137,29,29
1641,16.03396,22.375406,29,29
1642,-2.5875714,-10.36486,4,4
1643,22.578674,12.193553,21,21
1644,22.573305,12.182055,21,21
1645,6.580881,-15.092471,26,26
1646,9.251232,11.549048,23,23
1647,1.3561394,18.642298,10,10
1648,16.515451,2.2537453,17,17
1649,16.513252,2.2547626,17,17
1650,15.969767,-3.5114183,1,1
1651,0.4917541,-5.05789,31,31
1652,13.034439,-12.225722,28,28
1653,2.3986611,12.541962,30,30
1654,7.5888968,9.6804495,23,23
1655,-3.4789672,5.5073137,13,13
1656,7.542374,19.70333,16,16
1657,19.083353,9.739791,21,21
1658,19.08861,9.7376585,21,21
1659,11.875758,16.032022,12,12
1660,-5.9354677,10.335685,19,19
1661,-0.2948177,11.212931,19,19
1662,-0.28200307,11.217003,19,19
1663,-0.29308248,11.21364,19,19
1664,-0.2879919,11.214954,19,19
1665,20.432127,-4.2048216,25,25
1666,-0.2671139,11.221504,19,19
1667,21.211832,-1.1614817,17,17
1668,13.7597,6.1446404,6,6
1669,8.447607,-9.819763,9,9
1670,13.567194,18.568645,12,12
1671,9.842068,5.2519355,18,18
1672,9.5276,16.740885,16,16
1673,7.656822,19.233755,16,16
1674,21.90232,10.854229,21,21
1675,7.7409787,18.776066,16,16
1676,16.914253,22.045427,29,29
1677,2.3528836,12.4927025,30,30
1678,-5.9993043,10.328981,19,19
1679,2.220401,-0.78024787,14,14
1680,10.600961,-0.18055482,1,1
1681,0.7758531,0.6065303,14,14
1682,0.9307672,0.7197996,14,14
1683,7.821423,-10.400179,9,9
1684,7.7362924,18.80192,16,16
1685,7.82683,-10.431082,9,9
1686,-1.8991646,10.72031,19,19
1687,21.296703,-2.7126212,17,17
1688,18.998495,1.0277429,17,17
1689,20.213964,0.047122546,17,17
1690,2.659745,12.959447,30,30
1691,13.159745,-1.5380697,1,1
1692,7.8209586,18.657976,16,16
1693,-2.1324742,10.64707,19,19
1694,-2.7875345,14.444209,0,0
1695,13.024621,-12.238316,28,28
1696,20.345549,-0.075224526,17,17
1697,0.23688984,0.033648144,14,14
1698,7.6872134,9.9240055,23,23
1699,13.633652,9.06005,6,6
1700,17.827787,-4.422904,1,1
1701,2.7146072,13.061638,30,30
1702,2.714833,13.062016,30,30
1703,21.28797,-2.7199306,17,17
1704,-2.5096958,19.657774,2,2
1705,-2.879578,-10.11271,4,4
1706,14.596972,8.849885,6,6
1707,1.9114162,-8.560912,3,3
1708,-0.5847748,11.1234255,19,19
1709,13.607657,9.061597,6,6
1710,11.246317,16.042828,12,12
1711,19.401525,0.72772896,17,17
1712,11.649908,-4.880186,15,15
1713,-0.5107561,23.303219,2,2
1714,7.9880075,18.175522,16,16
1715,10.538045,7.946603,18,18
1716,7.8220997,-10.422702,9,9
1717,18.925259,-4.847665,25,25
1718,9.693754,11.796499,23,23
1719,1.0737605,0.82307667,14,14
1720,-1.3965154,14.552663,0,0
1721,7.66819,19.168964,16,16
1722,19.504864,-8.448698,22,22
1723,19.102423,9.727167,21,21
1724,-11.711839,7.5140543,5,5
1725,-6.5774455,10.374528,19,19
1726,-1.5543456,-10.841721,4,4
1727,14.79957,-2.7435982,1,1
1728,-3.5667338,14.490708,0,0
1729,18.43761,17.641096,29,29
1730,6.33977,-14.4632845,26,26
1731,1.3077744,22.820486,2,2
1732,0.4961922,23.125753,2,2
1733,-8.241333,-0.3650716,13,13
1734,12.918481,-12.306172,28,28
1735,0.5336113,-10.054089,4,4
1736,17.075512,2.069569,17,17
1737,12.018748,21.029644,12,12
1738,18.802027,-4.883742,25,25
1739,-7.1919165,0.8084785,13,13
1740,-7.1888814,0.8125521,13,13
1741,21.08564,10.015449,21,21
1742,6.2989297,-14.337249,26,26
1743,13.847837,9.069833,6,6
1744,11.730548,-9.372365,9,9
1745,11.756853,-9.384349,9,9
1746,21.993937,10.982355,21,21
1747,-8.773058,-0.87849176,13,13
1748,11.003218,16.094059,12,12
1749,3.9281027,-8.211173,24,24
1750,-0.94152683,23.303078,2,2
1751,12.380182,12.489999,7,7
1752,2.4355576,12.591336,30,30
1753,18.860886,1.1262074,17,17
1754,18.857903,1.1292434,17,17
1755,0.6710729,18.563992,10,10
1756,2.6170924,-0.1790751,14,14
1757,12.254599,-0.9070373,1,1
1758,12.25743,-0.9088988,1,1
1759,9.986224,5.0023274,18,18
1760,9.984768,5.0040264,18,18
1761,8.226023,-0.9099601,15,15
1762,8.277245,10.774623,23,23
1763,21.346493,-2.485433,17,17
1764,-6.1829743,2.4582884,13,13
1765,1.2607857,-5.3005757,31,31
1766,8.108761,-2.3411503,15,15
1767,12.063037,20.973915,12,12
1768,-0.6129743,-10.575044,4,4
1769,2.5068772,7.7449584,20,20
1770,2.5245235,7.761876,20,20
1771,3.071787,-4.6358275,32,32
1772,-0.32866767,6.517274,20,20
1773,2.6271465,7.852416,20,20
1774,-2.2922354,0.69799834,8,8
1775,-2.2838995,0.7073928,8,8
1776,8.604622,-9.681272,9,9
1777,13.177509,12.578565,7,7
1778,20.249634,0.0157847,17,17
1779,2.45529,-0.45302156,14,14
1780,0.3386607,6.6780877,20,20
1781,0.34626475,6.6803985,20,20
1782,-0.9135146,6.4194145,20,20
1783,-0.42235085,-10.50091,4,4
1784,-2.334215,10.572808,19,19
1785,-1.2266947,1.8951956,8,8
1786,9.276725,-9.213557,9,9
1787,-3.0405276,20.251465,2,2
1788,14.321121,8.956076,6,6
1789,-3.4294968,-4.3860345,11,11
1790,-7.737145,0.17196138,13,13
1791,15.084802,7.269763,6,6
1792,21.348217,-2.5164723,17,17
1793,-4.8702526,4.2708554,13,13
1794,13.542041,17.078852,12,12
1795,4.6304193,-9.403846,24,24
1796,10.441766,7.848287,18,18
1797,12.02848,21.018103,12,12
1798,19.706312,0.49539712,17,17
1799,0.8925424,-1.613955,14,14
1800,9.055405,-3.7033286,15,15
1801,15.051283,7.220978,6,6
1802,-6.884169,1.2278353,13,13
1803,20.010014,-4.47546,25,25
1804,22.39913,11.713046,21,21
1805,13.078665,-1.4694685,1,1
1806,-2.544665,19.675201,2,2
1807,10.898929,-4.5182524,15,15
1808,10.630567,-0.18628465,1,1
1809,4.834546,-10.413837,24,24
1810,13.868103,-2.0673344,1,1
1811,18.815508,-4.858401,25,25
1812,-4.488225,15.343225,0,0
1813,11.879436,8.734177,18,18
1814,13.016724,12.553834,7,7
1815,8.837678,-9.490152,9,9
1816,-0.8619908,-10.676095,4,4
1817,10.400479,-9.100439,9,9
1818,-4.419103,15.083444,0,0
1819,13.076314,-12.191755,28,28
1820,12.461095,16.17875,12,12
1821,2.5524757,-0.30919027,14,14
1822,1.8179104,12.038044,30,30
1823,14.823966,6.9405437,6,6
1824,14.822485,6.9390335,6,6
1825,10.482504,-4.4080496,15,15
1826,-9.328121,-1.3668804,13,13
1827,-0.10380841,-0.6105825,14,14
1828,-1.6632175,19.066286,2,2
1829,-6.504371,1.9607886,13,13
1830,10.7695875,-9.162563,9,9
1831,15.9260025,-3.4917588,1,1
1832,0.9067347,-1.6160342,14,14
1833,-0.19836624,6.54877,20,20
1834,10.317834,-0.13174559,1,1
1835,13.198385,16.598688,12,12
1836,-8.176346,-0.29873767,13,13
1837,4.652691,-9.472803,24,24
1838,-0.9182392,11.035998,19,19
1839,-7.769571,0.13489443,13,13
1840,-7.7679305,0.13666804,13,13
1841,-4.2436833,-4.434065,11,11
1842,6.4466214,-14.859028,26,26
1843,8.0704,18.03907,16,16
1844,8.320116,-9.924695,9,9
1845,19.643148,-8.296208,22,22
1846,13.446784,16.933874,12,12
1847,-6.174031,-5.6767716,11,11
1848,-1.3715464,14.539326,0,0
1849,12.606526,12.50976,7,7
1850,-1.1815751,6.3397374,20,20
1851,9.054015,-0.16644752,15,15
1852,-1.3539231,1.7701867,8,8
1853,-9.563812,6.8466463,5,5
1854,8.095066,-1.106393,15,15
1855,8.107612,-1.0978144,15,15
1856,-7.113226,10.306266,19,19
1857,11.746021,-9.377065,9,9
1858,15.866718,-3.44979,1,1
1859,18.173767,21.26231,29,29
1860,-3.6151524,14.506207,0,0
1861,-0.21978581,11.243737,19,19
1862,14.284106,12.797348,7,7
1863,13.857008,6.207194,6,6
1864,18.112553,21.321173,29,29
1865,8.368291,-2.8179786,15,15
1866,0.21897809,0.004293904,14,14
1867,-1.8998064,6.1367855,20,20
1868,14.819823,2.540496,18,18
1869,14.09951,6.3449726,6,6
1870,8.083002,-2.2203884,15,15
1871,-1.2128267,6.3365474,20,20
1872,8.070286,18.042976,16,16
1873,-4.7795863,4.3621917,13,13
1874,-3.383697,20.892965,2,2
1875,17.24296,21.870195,29,29
1876,17.270302,1.9944215,17,17
1877,-1.0035361,-7.2733746,27,27
1878,10.715659,-0.20562111,1,1
1879,15.063023,7.236549,6,6
1880,10.332746,4.5386205,18,18
1881,-3.348249,5.5905175,13,13
1882,17.694923,-4.357038,1,1
1883,0.26260185,23.17351,2,2
1884,6.393168,-14.67973,26,26
1885,18.675158,18.040148,29,29
1886,-4.5367866,10.187265,19,19
1887,-7.8079853,0.09447983,13,13
1888,9.616543,6.44012,18,18
1889,-6.1129317,10.361627,19,19
1890,1.5692297,-8.951384,3,3
1891,11.334004,16.026323,12,12
1892,-1.4415828,-10.832396,4,4
1893,7.627257,19.47611,16,16
1894,-0.9526973,-7.224136,27,27
1895,11.381394,-9.29974,9,9
1896,-1.0642452,10.985674,19,19
1897,19.390108,-8.171319,22,22
1898,21.16548,-1.0562884,17,17
1899,8.119855,-2.3802824,15,15
1900,-6.1765885,2.460832,13,13
1901,-5.1957326,3.9021745,13,13
1902,-8.944943,6.7684183,5,5
1903,-2.711905,-4.5392833,11,11
1904,-4.499666,15.4845495,0,0
1905,7.5908012,19.56631,16,16
1906,-6.2382016,10.369337,19,19
1907,0.2406683,6.645883,20,20
1908,3.903219,-8.196912,24,24
1909,6.3059354,-14.312783,26,26
1910,10.483821,-4.4083085,15,15
1911,22.171926,11.269385,21,21
1912,-2.7718909,14.4348755,0,0
1913,18.363993,-7.883276,22,22
1914,-2.6277356,14.460104,0,0
1915,-2.2320306,10.608547,19,19
1916,-2.335146,5.961097,20,20
1917,0.68039495,18.564737,10,10
1918,13.001402,3.0402863,18,18
1919,18.69063,18.064587,29,29
1920,11.552762,16.02427,12,12
1921,19.06558,19.406345,29,29
1922,8.889354,11.310853,23,23
1923,-0.08447371,-10.366724,4,4
1924,8.161899,-2.4619265,15,15
1925,13.047781,-12.209321,28,28
1926,14.401102,2.6647282,18,18
1927,8.724853,-3.3328638,15,15
1928,9.941775,11.93364,23,23
1929,8.1787405,-2.5022697,15,15
1930,0.19161347,-0.036085986,14,14
1931,17.880287,1.7113057,17,17
1932,14.365677,8.940669,6,6
1933,14.411432,6.5600595,6,6
1934,18.4481,-7.919156,22,22
1935,-1.0947245,23.299469,2,2
1936,12.942509,19.803019,12,12
1937,4.030783,-8.304858,24,24
1938,-1.2234586,1.8961058,8,8
1939,1.881483,-1.1477082,14,14
1940,21.291433,10.187073,21,21
1941,-2.6220167,19.766369,2,2
1942,10.748389,-9.177933,9,9
1943,-3.4259248,21.357262,2,2
1944,10.0412655,-9.036018,9,9
1945,17.156921,-4.143276,1,1
1946,8.611552,-9.680278,9,9
1947,-4.0440154,14.6659,0,0
1948,-3.2327645,22.239706,2,2
1949,-1.8436688,-10.759245,4,4
1950,-1.8844362,-10.749113,4,4
1951,21.325459,-2.6451805,17,17
1952,11.673907,3.5750484,18,18
1953,7.8227096,-10.397899,9,9
1954,-11.114709,7.1428757,5,5
1955,16.641893,22.175854,29,29
1956,-8.646951,-0.7608279,13,13
1957,10.938463,16.139177,12,12
1958,8.378131,17.50936,16,16
1959,15.029925,7.1933784,6,6
1960,-0.2811115,11.197943,19,19
1961,-1.4927588,10.83094,19,19
1962,1.8317785,-1.1879164,14,14
1963,20.138067,0.1201101,17,17
1964,6.4774847,-14.955133,26,26
1965,6.466787,-14.943681,26,26
1966,-2.1768472,6.0366497,20,20
1967,13.86991,12.690145,7,7
1968,18.886423,18.564548,29,29
1969,1.9920266,12.165519,30,30
1970,9.937054,-9.06742,9,9
1971,18.040733,1.6173477,17,17
1972,-8.850013,6.7199297,5,5
1973,14.005857,12.734626,7,7
1974,8.372912,17.512785,16,16
1975,10.174947,7.472265,18,18
1976,-1.6633646,-10.81294,4,4
1977,14.135514,-2.2814124,1,1
1978,0.75137985,0.5878141,14,14
1979,12.023805,-0.767607,1,1
1980,-2.3395932,10.5707245,19,19
1981,17.166561,21.91363,29,29
1982,3.9434779,-8.223658,24,24
1983,-2.1577518,-4.689766,11,11
1984,-9.870393,6.8873563,5,5
1985,-2.5048203,19.654097,2,2
1986,7.6713333,19.132195,16,16
1987,-4.2398033,-4.431951,11,11
1988,-3.2797396,14.444118,0,0
1989,1.5494248,18.67099,10,10
1990,-2.306283,19.502869,2,2
1991,2.1987922,-0.804111,14,14
1992,14.467811,12.860224,7,7
1993,21.23413,10.137028,21,21
1994,12.298773,-0.9335665,1,1
1995,1.667417,-8.843584,3,3
1996,4.8825088,-10.597088,24,24
1997,-2.922601,10.417579,19,19
1998,-0.5950539,-10.568603,4,4
1999,17.010786,21.994398,29,29
2000,22.326075,11.517495,21,21
2001,22.322191,11.51884,21,21
2002,0.4244204,0.29277426,14,14
2003,22.164408,11.2583065,21,21
2004,-8.890175,6.755527,5,5
2005,9.73645,5.482761,18,18
2006,-4.621174,10.179575,19,19
2007,13.786857,9.085001,6,6
2008,-0.2599346,2.490817,8,8
2009,10.995826,3.9512374,18,18
2010,12.456026,-1.0525874,1,1
2011,12.470231,-1.0616076,1,1
2012,12.015082,21.034636,12,12
2013,22.690586,12.424149,21,21
2014,12.138528,-0.831395,1,1
2015,1.4146916,-1.4554892,14,14
2016,11.388696,16.027643,12,12
2017,14.945468,2.507547,18,18
2018,-3.3058927,22.062836,2,2
2019,-1.0486835,18.735132,2,2
2020,-1.2778797,1.8504063,8,8
2021,17.920467,1.6809278,17,17
2022,11.284919,3.772863,18,18
2023,11.382096,3.725738,18,18
2024,12.018531,21.02979,12,12
2025,13.8433,6.201081,6,6
2026,-5.038155,-4.6277847,11,11
2027,11.27646,-9.265278,9,9
2028,18.749271,-4.8316875,25,25
2029,-1.4948446,23.267738,2,2
2030,13.412782,12.609127,7,7
2031,-9.659873,6.861752,5,5
2032,17.06151,-4.093299,1,1
2033,-7.5094934,0.43042922,13,13
2034,12.495311,12.497516,7,7
2035,-1.833062,6.155476,20,20
2036,4.891079,-11.714872,24,24
2037,10.349345,7.745366,18,18
2038,1.1082586,18.597834,10,10
2039,1.1319008,18.603449,10,10
2040,13.536749,17.079235,12,12
2041,22.637474,12.315574,21,21
2042,12.681077,16.264542,12,12
2043,18.167152,21.253664,29,29
2044,6.315977,-14.399921,26,26
2045,18.759514,20.527468,29,29
2046,18.825947,20.426954,29,29
2047,-0.63207483,2.2928662,8,8
2048,-5.7417655,-5.2422523,11,11
2049,-8.807696,-0.9111666,13,13
2050,-2.1627362,14.521924,0,0
2051,-0.3275388,23.31238,2,2
2052,12.696017,16.26984,12,12
2053,1.7978934,12.025808,30,30
2054,-0.24471112,11.2297125,19,19
2055,7.9850774,18.195446,16,16
2056,1.4874108,-9.042395,3,3
2057,9.869892,-9.091971,9,9
2058,-0.25261736,6.520482,20,20
2059,-0.23996562,6.5347443,20,20
2060,-0.23307098,6.535789,20,20
2061,18.887432,-4.8502874,25,25
2062,1.1549565,0.88189185,14,14
2063,14.006711,6.2806325,6,6
2064,13.490336,18.831347,12,12
2065,15.927465,-3.4874647,1,1
2066,-4.2626643,-4.4365516,11,11
2067,18.994104,18.85572,29,29
2068,-4.3069053,14.909017,0,0
2069,-4.28666,14.889782,0,0
2070,-5.385231,3.6829891,13,13
2071,13.089138,12.564395,7,7
2072,0.91163516,22.989956,2,2
2073,-0.10526441,-0.63188785,14,14
2074,-5.1457214,10.208616,19,19
2075,14.484275,12.855654,7,7
2076,14.674232,8.808102,6,6
2077,-1.1635088,-7.4343715,27,27
2078,17.295506,21.83736,29,29
2079,16.778755,22.111296,29,29
2080,11.750249,3.5368295,18,18
2081,-0.5216864,-10.541138,4,4
2082,21.185465,-1.0875578,17,17
2083,13.63301,17.32411,12,12
2084,8.045395,18.082268,16,16
2085,4.485355,-8.994397,24,24
2086,8.12821,-2.4013054,15,15
2087,11.401056,12.395466,7,7
2088,18.861582,-8.048261,22,22
2089,20.61682,9.728132,21,21
2090,-8.89708,6.7478304,5,5
2091,15.1335125,8.491372,6,6
2092,18.965649,1.0558802,17,17
2093,-4.265707,-4.4394417,11,11
2094,0.84230393,-1.6064601,14,14
2095,13.105765,16.501896,12,12
2096,13.108315,16.504675,12,12
2097,9.941568,11.927224,23,23
2098,1.1023217,-1.6099341,14,14
2099,1.1080513,-1.6105139,14,14
2100,18.434355,-7.912704,22,22
2101,17.929089,1.6739558,17,17
2102,6.439457,-14.868469,26,26
2103,18.676643,20.643309,29,29
2104,0.6754376,2.5636134,8,8
2105,9.801465,5.3375254,18,18
2106,9.661258,6.505001,18,18
2107,14.58655,8.856957,6,6
2108,-0.04894078,-0.5091471,14,14
2109,-3.3753605,20.850424,2,2
2110,1.4848679,-1.4150919,14,14
2111,2.6419013,12.931253,30,30
2112,1.4051218,22.744812,2,2
2113,3.0746877,-4.6331496,32,32
2114,3.074704,-4.6331997,32,32
2115,-1.3050332,1.8239362,8,8
2116,-1.2918823,1.8370951,8,8
2117,0.14861618,23.204863,2,2
2118,-2.7451396,10.460284,19,19
2119,18.991856,18.841093,29,29
2120,-2.3849506,19.554138,2,2
2121,-4.866374,4.274712,13,13
2122,13.662763,2.8706338,18,18
2123,4.8858104,-11.690982,24,24
2124,8.975597,-3.6308122,15,15
2125,-6.806241,10.348899,19,19
2126,11.671986,-4.898551,15,15
2127,8.766817,-0.3072911,15,15
2128,8.796904,-0.2816786,15,15
2129,15.281899,-3.059897,1,1
2130,15.919267,-3.4817357,1,1
2131,-1.5269189,6.2496014,20,20
2132,12.867646,16.359825,12,12
2133,-1.2846744,-7.554598,27,27
2134,14.935591,-2.8400385,1,1
2135,14.338207,6.5029907,6,6
2136,21.372005,-2.48663,17,17
2137,-2.2786784,23.141819,2,2
2138,1.5556043,18.676992,10,10
2139,1.5675981,18.698158,10,10
2140,10.616286,8.016774,18,18
2141,10.609113,8.010727,18,18
2142,0.46933946,0.34552622,14,14
2143,4.6621857,-9.555219,24,24
2144,-2.2600322,-4.656275,11,11
2145,9.488222,11.688454,23,23
2146,14.505017,12.849378,7,7
2147,18.360409,17.539398,29,29
2148,8.272824,10.7702465,23,23
2149,10.366094,7.7629404,18,18
2150,-1.6314082,23.246805,2,2
2151,8.214396,10.705098,23,23
2152,-0.08020057,-0.54478496,14,14
2153,8.806295,11.244311,23,23
2154,-3.1636019,10.355228,19,19
2155,1.9933171,7.421194,20,20
2156,-3.2017353,22.28735,2,2
2157,-6.634104,10.369599,19,19
2158,-3.416065,21.631866,2,2
2159,0.97561574,2.446331,8,8
2160,12.938637,19.801035,12,12
2161,13.185417,16.576496,12,12
2162,-1.2997544,10.9103775,19,19
2163,-5.4204845,10.25184,19,19
2164,15.21188,7.5075436,6,6
2165,4.6376143,-9.422895,24,24
2166,22.219284,11.336877,21,21
2167,7.7314873,18.820824,16,16
2168,19.794231,9.541286,21,21
2169,19.21361,9.660466,21,21
2170,19.21295,9.661367,21,21
2171,18.870773,1.1201111,17,17
2172,0.023939384,2.579901,8,8
2173,13.078979,-1.472557,1,1
2174,-1.8137774,6.162595,20,20
2175,0.19940811,-0.025159292,14,14
2176,6.3042626,-14.285946,26,26
2177,16.037334,22.3755,29,29
2178,0.38653272,-5.0266476,31,31
2179,18.393982,17.58071,29,29
2180,-11.599064,7.42806,5,5
2181,13.907944,-2.1013637,1,1
2182,0.6772893,18.56551,10,10
2183,16.492949,22.226305,29,29
2184,15.097047,2.4925683,18,18
2185,-9.520743,6.8418016,5,5
2186,-4.029029,10.212843,19,19
2187,-5.508525,3.4930863,13,13
2188,21.390535,-1.7138175,17,17
2189,-1.3172989,-7.5881147,27,27
2190,10.509576,7.918438,18,18
2191,-1.4767879,18.949276,2,2
2192,13.499097,18.780682,12,12
2193,-6.0112767,-5.5110474,11,11
2194,6.3750806,-14.581004,26,26
2195,-5.093868,10.200385,19,19
2196,14.24237,12.792609,7,7
2197,19.82588,9.539265,21,21
2198,11.964422,12.469097,7,7
2199,9.901487,11.906193,23,23
2200,13.157318,12.573075,7,7
2201,8.845725,-0.24835284,15,15
2202,14.81201,-2.758121,1,1
2203,12.277225,-0.9203088,1,1
2204,14.436843,12.824812,7,7
2205,-4.5011754,15.544179,0,0
2206,-5.1421885,-4.681126,11,11
2207,-5.141806,-4.6809235,11,11
2208,-5.1440234,-4.6827297,11,11
2209,21.044106,9.979969,21,21
2210,6.5383267,-15.041781,26,26
2211,4.8115683,-10.363989,24,24
2212,12.374857,6.2843413,6,6
2213,18.832853,-4.844023,25,25
2214,9.423143,-9.18728,9,9
2215,-1.1335727,6.3610787,20,20
2216,9.918028,-9.070919,9,9
2217,0.9108395,-1.615728,14,14
2218,-6.117357,10.35951,19,19
2219,4.008333,-8.282076,24,24
2220,12.034474,21.010485,12,12
2221,10.505918,-4.415726,15,15
2222,11.173393,-4.6386247,15,15
2223,11.894938,16.033829,12,12
2224,12.3393135,20.567854,12,12
2225,-2.327719,5.953928,20,20
2226,2.0024238,12.174741,30,30
2227,18.753256,20.540678,29,29
2228,14.061076,-2.221928,1,1
2229,1.3219053,0.9912741,14,14
2230,3.0723505,-4.635115,32,32
2231,9.5571995,16.719675,16,16
2232,-0.5882915,-10.567451,4,4
2233,21.249945,-2.7874901,17,17
2234,-0.7074778,6.4543056,20,20
2235,-2.7958417,-10.192143,4,4
2236,9.659271,11.779665,23,23
2237,19.227333,-4.769813,25,25
2238,-2.619937,-10.34136,4,4
2239,18.138184,1.5501074,17,17
2240,6.2995243,-14.271547,26,26
2241,13.939147,-2.1268868,1,1
2242,11.22038,-9.249139,9,9
2243,22.955685,12.997495,21,21
2244,14.853418,6.973,6,6
2245,17.777166,1.7783237,17,17
2246,17.060112,-4.0953994,1,1
2247,2.3723347,12.513724,30,30
2248,0.46803364,-5.050189,31,31
2249,17.302626,1.9809821,17,17
2250,6.324496,-14.417597,26,26
2251,7.6010475,9.701293,23,23
2252,22.931902,12.987677,21,21
2253,-7.385915,0.5743325,13,13
2254,13.574468,18.535566,12,12
2255,1.9705187,-8.490272,3,3
2256,-2.6935587,-4.544132,11,11
2257,13.067181,-12.193548,28,28
2258,-0.90857494,-7.180763,27,27
2259,14.197779,6.4069147,6,6
2260,-2.7109714,-10.267256,4,4
2261,10.668241,8.05457,18,18
2262,19.056532,19.449244,29,29
2263,18.733564,20.560356,29,29
2264,1.873576,-8.599475,3,3
2265,-2.0327296,23.1799,2,2
2266,0.51652175,-10.069333,4,4
2267,-2.6143389,19.761452,2,2
2268,20.499804,-4.1487155,25,25
2269,-3.2447004,22.209679,2,2
2270,10.938447,8.257019,18,18
2271,-3.3906791,21.6978,2,2
2272,-4.283453,-4.4421854,11,11
2273,0.8628063,0.67375404,14,14
2274,10.326756,-0.12966503,1,1
2275,-4.490136,15.435232,0,0
2276,0.7432558,6.793403,20,20
2277,13.528745,12.62162,7,7
2278,15.060281,8.56443,6,6
2279,-0.931708,6.4037232,20,20
2280,15.120282,2.4898636,18,18
2281,16.63437,22.178413,29,29
2282,2.6244006,-0.14443281,14,14
2283,9.325443,16.846502,16,16
2284,8.122436,-10.096914,9,9
2285,0.93517464,-1.6401345,14,14
2286,1.9937454,-8.465203,3,3
2287,15.221079,7.531083,6,6
2288,-6.912693,1.1868614,13,13
2289,19.241594,9.639138,21,21
2290,-0.97592694,6.4049315,20,20
2291,10.468813,-4.4038515,15,15
2292,10.00564,-4.237753,15,15
2293,18.61108,20.725744,29,29
2294,4.876664,-10.568835,24,24
2295,-9.580835,6.8500595,5,5
2296,0.03862387,2.5818124,8,8
2297,0.92320967,2.4964938,8,8
2298,-1.6130867,-10.830171,4,4
2299,15.115077,7.3258114,6,6
2300,21.35391,-1.5402677,17,17
2301,11.704793,-9.364452,9,9
2302,-2.8892078,14.437012,0,0
2303,19.016584,19.120066,29,29
2304,9.630917,5.89295,18,18
2305,-4.47905,15.886625,0,0
2306,11.01491,8.306225,18,18
2307,11.827818,8.714308,18,18
2308,15.412172,-3.1481824,1,1
2309,1.9195743,-8.550176,3,3
2310,-4.1839366,14.77225,0,0
2311,-3.4280586,21.115376,2,2
2312,15.183086,8.424132,6,6
2313,12.770519,16.305655,12,12
2314,2.0945604,12.258792,30,30
2315,-2.9726093,-4.4710298,11,11
2316,-0.9821418,-7.2533364,27,27
2317,11.381541,12.376073,7,7
2318,19.76623,9.560885,21,21
2319,-3.9722946,14.633671,0,0
2320,2.0737967,-8.384932,3,3
2321,13.637882,18.15263,12,12
2322,21.380995,-1.6550261,17,17
2323,11.838166,16.02517,12,12
2324,8.730124,-9.578162,9,9
2325,9.276433,16.874256,16,16
2326,-3.1531966,10.37461,19,19
2327,-0.68173546,-10.6006565,4,4
2328,9.93646,-9.056147,9,9
2329,20.476702,-4.1707616,25,25
2330,19.981323,-4.4863644,25,25
2331,-4.3846273,4.750154,13,13
2332,-4.383426,4.7514405,13,13
2333,-4.385547,4.7494345,13,13
2334,19.721441,0.4844305,17,17
2335,1.0676585,-1.6148095,14,14
2336,2.6199675,-0.19194086,14,14
2337,9.414307,-3.9556704,15,15
2338,18.199804,21.240341,29,29
2339,7.788267,10.076328,23,23
2340,22.207487,11.329357,21,21
2341,8.101985,-1.2792856,15,15
2342,17.48562,-4.254865,1,1
2343,-4.4736624,15.908204,0,0
2344,-0.8557274,23.304747,2,2
2345,-4.4963775,15.656935,0,0
2346,12.09923,8.832665,18,18
2347,1.1955947,22.877625,2,2
2348,13.495663,18.785578,12,12
2349,17.643503,-4.3375115,1,1
2350,10.351053,4.518421,18,18
2351,4.9790926,-11.19858,24,24
2352,9.052688,-0.16512863,15,15
2353,-0.640498,2.2882404,8,8
2354,17.719837,1.809941,17,17
2355,-6.247676,10.36961,19,19
2356,14.934022,2.5171664,18,18
2357,4.309651,-8.601078,24,24
2358,12.635722,-1.1774042,1,1
2359,13.704348,9.088007,6,6
2360,10.075744,-9.069775,9,9
2361,-8.174529,-0.29737446,13,13
2362,11.884643,16.033085,12,12
2363,-1.4240669,-10.820471,4,4
2364,-8.4701,-0.59217966,13,13
2365,21.308607,-2.5114892,17,17
2366,16.636324,22.176691,29,29
2367,21.308933,10.203955,21,21
2368,12.206423,-0.87691414,1,1
2369,1.9049159,-1.1234145,14,14
2370,20.144985,-4.3884835,25,25
2371,18.11594,21.311905,29,29
2372,8.497741,-0.5432258,15,15
2373,7.6874747,9.922032,23,23
2374,8.393525,-9.8633995,9,9
2375,9.644687,5.827233,18,18
2376,-1.9055952,19.221254,2,2
2377,9.020681,-0.17663337,15,15
2378,1.3087586,22.817736,2,2
2379,21.362534,-2.4551246,17,17
2380,0.08259468,23.233044,2,2
2381,0.06370768,23.234797,2,2
2382,20.759129,-0.48575163,17,17
2383,-6.883138,1.2283807,13,13
2384,22.928276,12.955216,21,21
2385,22.904686,12.931851,21,21
2386,-4.398794,4.7364817,13,13
2387,1.4947559,-1.4057714,14,14
2388,-0.09191649,-0.63984174,14,14
2389,12.042294,12.470395,7,7
2390,0.16715352,-1.3586527,14,14
2391,-5.233564,-4.751814,11,11
2392,11.230115,16.048428,12,12
2393,18.960472,-9.003809,22,22
2394,18.923147,-9.038195,22,22
2395,18.931602,-9.03088,22,22
2396,-1.0482829,18.734467,2,2
2397,10.474364,4.3944697,18,18
2398,10.491308,4.379045,18,18
2399,19.84477,9.542044,21,21
2400,17.079365,2.0666924,17,17
2401,7.921453,18.34475,16,16
2402,8.853485,11.281422,23,23
2403,8.832839,11.262173,23,23
2404,0.43554136,0.30837166,14,14
2405,17.166775,-4.148671,1,1
2406,14.468006,12.825723,7,7
2407,2.010627,12.181866,30,30
2408,0.6686744,-1.566171,14,14
2409,-3.0362637,-4.4488254,11,11
2410,9.973531,5.0207915,18,18
2411,13.615853,17.287983,12,12
2412,13.035185,3.028805,18,18
2413,17.081133,2.0622468,17,17
2414,-8.844654,6.721112,5,5
2415,-8.8447895,6.721176,5,5
2416,4.5052204,-9.037345,24,24
2417,18.589432,20.754725,29,29
2418,-5.077589,4.0451746,13,13
2419,17.713177,1.814979,17,17
2420,-4.0034604,5.093471,13,13
2421,-5.719637,10.303617,19,19
2422,-2.9586563,-4.475704,11,11
2423,4.2994704,-8.577166,24,24
2424,11.904075,12.457552,7,7
2425,18.57874,17.874916,29,29
2426,7.5636673,19.651676,16,16
2427,-3.4368768,-4.38416,11,11
2428,6.442907,-14.862678,26,26
2429,4.642941,-9.4961815,24,24
2430,9.044023,-3.6943564,15,15
2431,-3.0773401,14.431821,0,0
2432,6.417554,-14.778915,26,26
2433,6.4124613,-14.761556,26,26
2434,6.475806,-14.951374,26,26
2435,11.697141,3.5634234,18,18
2436,-6.166639,-5.6690483,11,11
2437,-6.1783476,-5.680949,11,11
2438,10.755408,4.139743,18,18
2439,-10.140275,6.913757,5,5
2440,14.356782,2.6569839,18,18
2441,8.078725,-2.1602504,15,15
2442,3.0348046,-4.670924,32,32
2443,12.608261,12.509433,7,7
2444,0.0051069274,2.5656195,8,8
2445,1.3899244,22.760244,2,2
2446,9.719796,6.683322,18,18
2447,13.702642,6.1245193,6,6
2448,13.735143,6.1346073,6,6
2449,-2.873472,-4.49552,11,11
2450,7.954207,-10.261374,9,9
2451,13.664892,6.1191487,6,6
2452,15.263865,-3.0484166,1,1
2453,-1.2354985,10.926528,19,19
2454,11.159629,-0.328277,1,1
2455,0.4580882,-10.110456,4,4
2456,-2.3446345,23.132753,2,2
2457,16.981703,2.1020403,17,17
2458,-1.0364318,2.0449767,8,8
2459,14.87315,-2.799559,1,1
2460,-3.3988173,20.956156,2,2
2461,8.742003,-0.32323298,15,15
2462,11.886315,12.46531,7,7
2463,21.365662,-1.5929898,17,17
2464,4.666138,-9.559281,24,24
2465,-0.96712375,-7.2389627,27,27
2466,-1.0064099,23.302006,2,2
2467,15.8707285,-3.452005,1,1
2468,12.4660015,16.169067,12,12
2469,-3.018595,20.223444,2,2
2470,4.895151,-11.699191,24,24
2471,15.049287,7.209981,6,6
2472,-5.6908984,10.319496,19,19
2473,-5.8031445,3.0509326,13,13
2474,-8.938822,6.768244,5,5
2475,2.0576148,-8.399621,3,3
2476,2.044673,-8.412543,3,3
2477,2.070755,-8.386678,3,3
2478,18.638012,20.692049,29,29
2479,-7.0320015,10.334946,19,19
2480,-2.0087419,19.288326,2,2
2481,0.18902205,6.616178,20,20
2482,20.623465,-0.34744775,17,17
2483,1.468524,1.1046993,14,14
2484,22.532005,12.06996,21,21
2485,14.8528595,6.9683456,6,6
2486,9.950941,11.933564,23,23
2487,20.642162,-0.3655613,17,17
2488,12.071935,-0.787778,1,1
2489,8.090244,-10.125837,9,9
2490,8.09016,-10.127007,9,9
2491,13.019695,3.0526164,18,18
2492,12.099942,8.826565,18,18
2493,8.867077,-9.471758,9,9
2494,0.86471677,2.5279803,8,8
2495,-2.0548806,14.553415,0,0
2496,-2.0561326,0.97038096,8,8
2497,-0.8649451,-7.1386924,27,27
2498,1.2910829,22.833998,2,2
2499,-1.8697132,-4.8021946,11,11
2500,10.705192,8.088453,18,18
2501,22.073618,11.112248,21,21
2502,14.293248,8.962945,6,6
2503,1.3702693,1.0262173,14,14
2504,-3.2803383,20.624552,2,2
2505,15.343395,8.110194,6,6
2506,3.9877574,-8.265579,24,24
2507,-4.9856887,10.193885,19,19
2508,8.8222,11.258105,23,23
2509,8.965714,-3.622685,15,15
2510,-1.328866,-10.800433,4,4
2511,3.0843704,-4.6234984,32,32
2512,18.906622,-8.093463,22,22
2513,12.384743,6.2688174,6,6
2514,-4.4999104,16.197206,0,0
2515,21.386517,-1.6970966,17,17
2516,2.7010274,13.091809,30,30
2517,-4.495886,15.404184,0,0
2518,4.2824035,-8.559938,24,24
2519,8.6389885,-3.2185984,15,15
2520,-3.9329898,10.217945,19,19
2521,8.660548,-9.635854,9,9
2522,10.931813,-4.533583,15,15
2523,18.985008,18.830269,29,29
2524,-1.1987721,23.293102,2,2
2525,16.86573,-3.9782183,1,1
2526,13.675487,18.023567,12,12
2527,16.913332,-4.007905,1,1
2528,-0.65727836,2.2755387,8,8
2529,1.1493106,18.60935,10,10
2530,7.8758025,18.45658,16,16
2531,13.101248,-1.4865518,1,1
2532,0.35968307,2.6141672,8,8
2533,12.187174,3.340245,18,18
2534,-6.354022,10.373203,19,19
2535,-7.0806704,0.94906396,13,13
2536,10.866069,-0.24917148,1,1
2537,-6.2170606,2.4054744,13,13
2538,12.988098,19.737242,12,12
2539,-3.3783524,20.875706,2,2
2540,12.57668,20.31766,12,12
2541,-6.1392336,-5.6412067,11,11
2542,21.3355,10.230719,21,21
2543,15.712023,-3.3496609,1,1
2544,18.355902,-7.8778977,22,22
2545,-11.732095,7.536245,5,5
2546,-2.3481011,5.9541683,20,20
2547,10.657077,-9.143023,9,9
2548,10.644154,-9.140853,9,9
2549,18.380745,17.565332,29,29
2550,8.349121,17.541739,16,16
2551,7.8926764,-10.324166,9,9
2552,12.726358,16.283463,12,12
2553,-1.2413346,-10.775817,4,4
2554,13.598129,2.8860753,18,18
2555,21.378502,-1.6846948,17,17
2556,0.2295418,-1.4114003,14,14
2557,18.824265,20.417595,29,29
2558,-1.9090233,1.139799,8,8
2559,8.343786,17.549263,16,16
2560,-6.520423,1.929181,13,13
2561,-3.836713,10.228925,19,19
2562,11.626165,3.597788,18,18
2563,13.004022,-12.245738,28,28
2564,13.5606165,18.576492,12,12
2565,17.640593,1.8452941,17,17
2566,3.8821883,-8.171826,24,24
2567,-3.0135,22.538765,2,2
2568,0.92645884,2.4955022,8,8
2569,-3.7934325,10.23501,19,19
2570,18.212023,17.365534,29,29
2571,-2.8600605,14.436571,0,0
2572,12.54245,16.206526,12,12
2573,-1.4476321,10.845774,19,19
2574,-0.29992068,11.211166,19,19
2575,18.129484,21.304487,29,29
2576,-2.9897432,-9.996012,4,4
2577,0.1756933,-0.053828247,14,14
2578,-1.7070831,19.08725,2,2
2579,15.668153,-3.3210504,1,1
2580,12.411911,12.488058,7,7
2581,-8.945464,6.7966175,5,5
2582,19.449423,-4.6797647,25,25
2583,9.621471,6.003266,18,18
2584,-0.46174783,2.40127,8,8
2585,-1.8525821,-10.756343,4,4
2586,10.934225,8.252864,18,18
2587,13.106645,12.552733,7,7
2588,-3.1552186,20.42055,2,2
2589,12.18066,20.81626,12,12
2590,1.3011118,-1.5120585,14,14
2591,-7.1874847,10.25939,19,19
2592,18.762207,20.524736,29,29
2593,8.302622,10.800231,23,23
2594,8.887398,-3.5294073,15,15
2595,1.496366,7.1619225,20,20
2596,-3.1069853,-4.4225106,11,11
2597,0.44748887,-5.0541687,31,31
2598,17.186975,21.901978,29,29
2599,-2.5166934,19.661299,2,2
2600,12.438714,-1.043099,1,1
2601,-0.50411755,2.3715646,8,8
2602,9.373213,-3.9339674,15,15
2603,0.060995072,23.235785,2,2
2604,16.171694,22.314537,29,29
2605,1.0331261,18.590658,10,10
2606,4.879793,-10.58761,24,24
2607,19.046482,19.377378,29,29
2608,-5.9660835,2.8014572,13,13
2609,22.405958,11.714953,21,21
2610,0.14466803,6.622387,20,20
2611,-11.695157,7.498758,5,5
2612,21.133455,10.052213,21,21
2613,-7.98856,-0.10161899,13,13
2614,16.66287,22.166553,29,29
2615,-0.041346427,23.258684,2,2
2616,9.643065,5.829742,18,18
2617,18.819994,18.406977,29,29
2618,12.080345,20.955738,12,12
2619,17.741669,-4.38727,1,1
2620,9.8624115,-4.1829576,15,15
2621,21.105904,-0.9591385,17,17
2622,-3.345069,-4.3948593,11,11
2623,-2.5757446,19.718756,2,2
2624,3.9453373,-8.227862,24,24
2625,-5.7240186,3.1674912,13,13
2626,15.945491,-3.496733,1,1
2627,1.2913592,-5.3147974,31,31
2628,16.98817,22.006317,29,29
2629,8.366726,17.518002,16,16
2630,17.707235,-4.3727245,1,1
2631,-2.893067,-10.101476,4,4
2632,-5.5371704,3.4502923,13,13
2633,9.223041,16.912106,16,16
2634,2.4365861,-0.47950986,14,14
2635,4.0491796,-8.323452,24,24
2636,1.628466,-8.88864,3,3
2637,-3.0304828,22.5189,2,2
2638,-0.9060755,6.4191933,20,20
2639,9.2874,-3.8794973,15,15
2640,8.069931,18.047447,16,16
2641,13.35449,6.04644,6,6
2642,-2.2251594,14.502111,0,0
2643,-1.9358726,10.694287,19,19
2644,18.80708,20.456839,29,29
2645,8.384985,17.5014,16,16
2646,18.232948,21.204735,29,29
2647,-1.9833496,6.100736,20,20
2648,1.5955492,-8.924529,3,3
2649,-10.711579,6.932434,5,5
2650,21.081274,10.0135145,21,21
2651,14.41286,12.833778,7,7
2652,0.731031,2.5634544,8,8
2653,4.9671035,-11.333482,24,24
2654,-0.5675928,11.137894,19,19
2655,-6.1477237,10.364714,19,19
2656,2.6370766,-0.1443493,14,14
2657,-0.32546893,2.4622684,8,8
2658,0.50037795,-10.084956,4,4
2659,17.724665,-4.3882275,1,1
2660,20.796448,9.834039,21,21
2661,10.007274,-9.0336485,9,9
2662,19.352823,-4.729121,25,25
2663,12.422405,6.249263,6,6
2664,18.979723,1.0454748,17,17
2665,12.491876,6.2023025,6,6
2666,-1.9725817,19.264313,2,2
2667,4.1998444,-8.474478,24,24
2668,2.4734545,12.627088,30,30
2669,11.54677,12.418648,7,7
2670,12.933393,3.0749607,18,18
2671,4.280707,-8.557599,24,24
2672,2.5913856,12.846884,30,30
2673,14.104959,-2.2547283,1,1
2674,6.497849,-14.980689,26,26
2675,-9.312266,-1.3541573,13,13
2676,0.23890252,-10.227987,4,4
2677,18.773636,18.279852,29,29
2678,9.629975,5.902862,18,18
2679,-2.683955,22.84092,2,2
2680,7.669396,9.881243,23,23
2681,-1.6344576,14.707134,0,0
2682,8.582675,-3.1593103,15,15
2683,-1.2483832,-7.517844,27,27
2684,4.9411287,-10.954007,24,24
2685,14.187,2.7311645,18,18
2686,4.3127184,-8.598877,24,24
2687,13.673307,9.078022,6,6
2688,17.31713,21.822699,29,29
2689,1.3815764,22.766838,2,2
2690,12.131996,-0.8268231,1,1
2691,9.405557,-3.952697,15,15
2692,13.643651,17.34794,12,12
2693,-4.400545,4.7350583,13,13
2694,-6.6350217,10.370489,19,19
2695,7.8034816,18.65365,16,16
2696,-7.7130585,0.19671741,13,13
2697,13.273121,6.067681,6,6
2698,-5.021918,10.195528,19,19
2699,8.232145,10.728454,23,23
2700,6.3909063,-14.692048,26,26
2701,-3.4212415,21.592186,2,2
2702,-9.1766,-1.2363509,13,13
2703,2.4934294,-0.38943374,14,14
2704,9.98621,5.0034747,18,18
2705,8.782945,11.225876,23,23
2706,12.985489,16.42206,12,12
2707,14.332888,2.6769886,18,18
2708,11.434861,8.5487995,18,18
2709,12.379546,6.271928,6,6
2710,12.376408,6.2726893,6,6
2711,14.6425085,6.764073,6,6
2712,22.85856,12.763232,21,21
2713,9.203431,-3.8185706,15,15
2714,11.367771,8.517723,18,18
2715,-1.0594113,10.987172,19,19
2716,-2.7253673,19.883171,2,2
2717,13.931021,12.710716,7,7
2718,-11.276972,7.2463584,5,5
2719,-2.8461664,-10.146295,4,4
2720,-6.8604155,1.2590659,13,13
2721,19.20506,-8.762985,22,22
2722,4.8844132,-11.688316,24,24
2723,9.230024,-3.8367088,15,15
2724,12.023762,21.02388,12,12
2725,-3.9472084,10.226815,19,19
2726,-0.527439,2.3576875,8,8
2727,10.355617,4.514731,18,18
2728,9.853743,-9.095647,9,9
2729,20.497618,-4.15311,25,25
2730,-3.2472873,10.339361,19,19
2731,9.6313925,5.889447,18,18
2732,12.525287,16.202389,12,12
2733,4.2744737,-8.551723,24,24
2734,12.182506,-0.8626494,1,1
2735,8.753202,-0.3078618,15,15
2736,18.827635,20.409828,29,29
2737,16.687403,-3.8942313,1,1
2738,-1.0680408,-7.337545,27,27
2739,-4.0665493,14.671635,0,0
2740,0.8686589,2.5272515,8,8
2741,-1.4217861,6.271804,20,20
2742,0.2594941,23.190674,2,2
2743,0.28391176,-1.4440479,14,14
2744,0.49528375,23.126009,2,2
2745,14.854259,2.5287194,18,18
2746,2.62056,-0.15892234,14,14
2747,8.068164,-2.1296587,15,15
2748,14.948842,2.5096726,18,18
2749,14.097574,12.760359,7,7
2750,-5.1465836,-4.684142,11,11
2751,9.645624,6.460967,18,18
2752,-9.114495,6.7956586,5,5
2753,6.3054132,-14.295011,26,26
2754,3.0645118,-4.6427865,32,32
2755,-8.841475,-0.9316964,13,13
2756,-1.0468595,18.734035,2,2
2757,4.2892466,-8.564875,24,24
2758,-8.457436,-0.579666,13,13
2759,14.368128,8.939074,6,6
2760,11.190378,12.291497,7,7
2761,9.368055,-9.1938505,9,9
2762,-0.89871955,-7.170797,27,27
2763,0.70621467,18.56663,10,10
2764,15.468447,-3.1909678,1,1
2765,16.572958,2.234132,17,17
2766,14.9641485,8.631974,6,6
2767,9.062587,-0.16696534,15,15
2768,9.626841,6.032155,18,18
2769,-10.246066,6.919169,5,5
2770,-10.243224,6.9182367,5,5
2771,17.171608,21.914202,29,29
2772,-4.996994,-4.610638,11,11
2773,6.3116,-14.397535,26,26
2774,10.648507,-0.19074948,1,1
2775,-2.9715521,-10.016876,4,4
2776,13.877286,2.8154836,18,18
2777,18.065544,1.6004101,17,17
2778,-10.727094,6.932621,5,5
2779,11.030455,-0.29322532,1,1
2780,12.59597,20.296434,12,12
2781,14.033828,6.3076777,6,6
2782,10.3293085,4.5455594,18,18
2783,20.4851,9.644657,21,21
2784,11.613549,-4.8631506,15,15
2785,9.883184,-4.184739,15,15
2786,-3.7977035,14.56285,0,0
2787,-0.586969,23.3074,2,2
2788,22.60778,12.268535,21,21
2789,12.44777,16.171751,12,12
2790,7.669038,9.879792,23,23
2791,10.561403,-0.17572571,1,1
2792,7.7383814,10.000262,23,23
2793,1.9645834,-8.495753,3,3
2794,1.1740535,18.61505,10,10
2795,-2.9376705,14.433753,0,0
2796,8.54299,-0.4930196,15,15
2797,8.504177,-0.5288997,15,15
2798,17.604832,-4.315384,1,1
2799,-4.945918,4.191587,13,13
2800,2.1889713,-0.81496763,14,14
2801,18.73934,-9.206587,22,22
2802,15.392995,7.972336,6,6
2803,9.65597,11.781005,23,23
2804,-2.1090276,6.055438,20,20
2805,12.094066,16.079874,12,12
2806,17.071175,2.0707536,17,17
2807,9.328016,-3.9069757,15,15
2808,-0.9456063,2.1105523,8,8
2809,9.769329,-4.1300254,15,15
2810,2.7038732,13.029781,30,30
2811,-8.186333,-0.3088561,13,13
2812,0.7352848,2.5583491,8,8
2813,7.6317406,19.4376,16,16
2814,-2.2351809,6.001129,20,20
2815,-4.3109264,14.917357,0,0
2816,20.64181,9.749397,21,21
2817,9.995909,-9.026664,9,9
2818,11.371761,-4.729189,15,15
2819,20.133892,-4.3946614,25,25
2820,-2.5136883,19.657618,2,2
2821,18.99667,1.0369885,17,17
2822,12.216172,20.76486,12,12
2823,10.3789625,7.780634,18,18
2824,18.280025,-7.8416743,22,22
2825,15.028286,8.588496,6,6
2826,11.463884,8.565114,18,18
2827,1.44006,-9.094057,3,3
2828,18.783426,-4.8804283,25,25
2829,9.122159,-9.3407955,9,9
2830,14.543009,6.6691403,6,6
2831,-3.3397813,10.302514,19,19
2832,12.04456,12.471983,7,7
2833,-1.1529516,-7.4235835,27,27
2834,21.897238,10.842979,21,21
2835,19.103054,0.9548361,17,17
2836,7.7287116,18.834715,16,16
2837,1.4548204,7.1482086,20,20
2838,-1.0342777,23.30193,2,2
2839,2.6959321,13.003126,30,30
2840,-1.1921808,1.9237268,8,8
2841,-10.240814,6.921906,5,5
2842,0.4878977,23.127005,2,2
2843,1.2852137,22.83018,2,2
2844,-5.117962,-4.668713,11,11
2845,1.2505918,-5.299796,31,31
2846,10.995684,16.105606,12,12
2847,12.927574,-1.3570749,1,1
2848,1.5591486,-1.3683914,14,14
2849,8.954788,-3.6140425,15,15
2850,-2.3948472,14.48528,0,0
2851,4.6113563,-9.345489,24,24
2852,-7.748876,0.15724723,13,13
2853,9.994422,-4.2340326,15,15
2854,-7.6201186,0.30042267,13,13
2855,-3.3875527,20.880363,2,2
2856,-2.8404188,22.704798,2,2
2857,7.6158123,19.505947,16,16
2858,18.79795,20.47505,29,29
2859,-4.4861627,16.251513,0,0
2860,10.32371,7.7112846,18,18
2861,8.9190445,-3.5704186,15,15
2862,3.0808973,-4.626058,32,32
2863,20.842628,-0.58797204,17,17
2864,-1.1812057,6.3531137,20,20
2865,14.475815,12.849182,7,7
2866,19.71675,0.4873791,17,17
2867,17.733204,1.8025874,17,17
2868,15.09255,8.534457,6,6
2869,8.895865,-9.457203,9,9
2870,20.781116,-0.5122594,17,17
2871,19.041613,19.335993,29,29
2872,7.9766455,18.212946,16,16
2873,9.39924,16.805159,16,16
2874,13.9204035,12.693755,7,7
2875,-0.6344496,11.103265,19,19
2876,-9.503573,-1.5225551,13,13
2877,-6.6122117,1.7761304,13,13
2878,14.618981,8.838728,6,6
2879,-3.3625274,21.86635,2,2
2880,-1.6401788,14.693146,0,0
2881,-1.280798,6.313751,20,20
2882,22.601122,12.245173,21,21
2883,-6.8800597,1.2352935,13,13
2884,0.5047291,-5.0625954,31,31
2885,-3.1612804,22.352339,2,2
2886,-6.699662,1.5954813,13,13
2887,9.563301,16.716745,16,16
2888,8.992716,-3.6498258,15,15
2889,-2.9754188,-10.032773,4,4
2890,14.46881,6.6093426,6,6
2891,19.721552,0.4821746,17,17
2892,12.026631,12.47135,7,7
2893,-6.406715,2.083449,13,13
2894,-2.8635762,-10.129167,4,4
2895,18.376162,-7.8930006,22,22
2896,-3.1477215,22.360083,2,2
2897,22.814787,12.688796,21,21
2898,-5.795593,3.0534701,13,13
2899,0.88761145,2.5332294,8,8
2900,22.208849,11.336223,21,21
2901,0.7403411,6.8199234,20,20
2902,-5.8263545,-5.3240085,11,11
2903,18.385126,-7.898251,22,22
2904,-8.291368,-0.41507256,13,13
2905,16.681547,-3.9125476,1,1
2906,18.857584,-4.8778934,25,25
2907,18.804775,-4.8635483,25,25
2908,-3.5664093,-4.3856773,11,11
2909,2.722684,13.068612,30,30
2910,11.421722,8.546923,18,18
2911,10.682599,-0.18646643,1,1
2912,-4.177763,14.764003,0,0
2913,9.808795,-9.114497,9,9
2914,-1.396207,23.278982,2,2
2915,-4.4939303,15.394749,0,0
2916,20.539646,-4.1006613,25,25
2917,0.40692514,2.6161141,8,8
2918,-1.947083,6.112637,20,20
2919,20.065142,0.18282562,17,17
2920,16.111921,22.34479,29,29
2921,13.680095,9.0830555,6,6
2922,-3.4682152,5.5198803,13,13
2923,12.53242,-1.1044816,1,1
2924,7.8015995,-10.44914,9,9
2925,12.483195,6.215812,6,6
2926,18.7683,18.268274,29,29
2927,-11.684788,7.4972444,5,5
2928,0.15739417,-10.2668915,4,4
2929,4.883041,-10.598004,24,24
2930,-0.97207206,23.302748,2,2
2931,8.413259,-0.65277505,15,15
2932,-2.7377756,14.447852,0,0
2933,-0.05624257,2.5599003,8,8
2934,11.881346,12.458259,7,7
2935,-2.9536004,22.597288,2,2
2936,1.327689,22.803743,2,2
2937,7.740529,10.00254,23,23
2938,-1.9962983,1.03982,8,8
2939,-8.230871,-0.35500938,13,13
2940,-5.0411897,4.0866723,13,13
2941,12.968607,-12.275419,28,28
2942,18.276442,-7.8376603,22,22
2943,11.52446,12.404167,7,7
2944,-2.6282732,14.461278,0,0
2945,1.0598534,-1.6131684,14,14
2946,20.443481,-4.1972547,25,25
2947,22.317558,11.508919,21,21
2948,14.742032,-2.7140276,1,1
2949,11.864577,3.4845135,18,18
2950,10.663427,-9.14391,9,9
2951,0.353626,23.156816,2,2
2952,8.449073,-9.814641,9,9
2953,9.91182,5.1215053,18,18
2954,11.28592,16.025059,12,12
2955,13.27687,6.0602155,6,6
2956,14.942159,2.5105376,18,18
2957,9.683496,6.577479,18,18
2958,11.227247,8.440975,18,18
2959,-6.615982,10.375349,19,19
2960,11.179559,-4.6397305,15,15
2961,9.712359,-4.109058,15,15
2962,11.1324215,-4.6125774,15,15
2963,1.2069012,6.9931893,20,20
2964,12.459807,-1.0562593,1,1
2965,9.706491,5.5511026,18,18
2966,15.214476,8.378844,6,6
2967,4.1849403,-8.458254,24,24
2968,4.9444933,-11.427692,24,24
2969,-0.007972352,-0.9672053,14,14
2970,0.2907601,-10.202038,4,4
2971,13.501352,18.782734,12,12
2972,-0.868509,11.04885,19,19
2973,1.149165,0.8760543,14,14
2974,-11.715768,7.515199,5,5
2975,1.9059173,-1.1237568,14,14
2976,-1.8290671,23.212687,2,2
2977,0.76488173,0.59822756,14,14
2978,13.40185,6.059442,6,6
2979,17.271559,21.854364,29,29
2980,13.346657,-1.6810441,1,1
2981,-3.3757231,-4.3868566,11,11
2982,15.548863,-3.241335,1,1
2983,8.378079,17.507969,16,16
2984,16.529873,2.2444196,17,17
2985,18.38166,17.566248,29,29
2986,-2.2471554,6.00684,20,20
2987,-6.439331,2.0491643,13,13
2988,7.639679,19.397017,16,16
2989,13.574216,18.533806,12,12
2990,19.593376,-8.350456,22,22
2991,14.945605,7.088322,6,6
2992,13.565183,18.560965,12,12
2993,8.755352,-9.554918,9,9
2994,-2.577234,-10.369813,4,4
2995,-9.6360235,6.858976,5,5
2996,1.5539876,18.676352,10,10
2997,18.211655,21.228273,29,29
2998,-3.149319,20.42146,2,2
2999,14.538762,-2.580502,1,1
3000,15.715825,-3.358543,1,1
3001,11.714624,3.5538654,18,18
3002,9.602099,11.753237,23,23
3003,21.289495,10.185106,21,21
3004,1.232894,-1.5587322,14,14
3005,14.486215,12.862988,7,7
3006,2.035462,12.202976,30,30
3007,8.599872,-0.44020405,15,15
3008,22.615614,12.272511,21,21
3009,-1.9372315,-4.7605205,11,11
3010,0.44575182,0.31865907,14,14
3011,14.943456,2.5062008,18,18
3012,11.125353,-4.6181345,15,15
3013,4.65312,-9.476568,24,24
3014,11.182837,8.406463,18,18
3015,9.428746,-3.9647505,15,15
3016,21.305464,-2.7065687,17,17
3017,19.481256,-4.671016,25,25
3018,-3.279501,10.319157,19,19
3019,0.3449258,-1.483148,14,14
3020,12.977286,3.0496635,18,18
3021,-3.3226612,10.306353,19,19
3022,7.810332,-10.413946,9,9
3023,18.396172,-7.900236,22,22
3024,18.825462,-4.84324,25,25
3025,19.857445,9.544707,21,21
3026,-1.0107021,11.0141,19,19
3027,-4.488523,16.237305,0,0
3028,21.381868,-2.3933823,17,17
3029,7.7989006,18.654705,16,16
3030,11.68104,3.5699599,18,18
3031,0.9382925,2.4883122,8,8
3032,-1.5390673,-10.84609,4,4
3033,10.650381,-0.1913683,1,1
3034,-1.5175084,18.974566,2,2
3035,14.241595,6.4317107,6,6
3036,18.695103,18.07004,29,29
3037,-0.9945295,23.302696,2,2
3038,14.207474,-2.3363929,1,1
3039,14.471444,12.85147,7,7
3040,1.3637426,22.779922,2,2
3041,11.247412,12.320196,7,7
3042,9.026004,-0.17739008,15,15
3043,-1.6009797,-10.8402,4,4
3044,8.369326,-2.8186657,15,15
3045,19.802755,9.543288,21,21
3046,22.195,11.312622,21,21
3047,8.077049,18.038578,16,16
3048,-9.175356,-1.2356015,13,13
3049,14.12671,6.3565683,6,6
3050,-4.882764,-4.595721,11,11
3051,7.814717,-10.4362335,9,9
3052,19.094873,9.732123,21,21
3053,14.538841,8.884789,6,6
3054,2.349308,7.643459,20,20
3055,9.843375,-4.182956,15,15
3056,-4.490217,16.23685,0,0
3057,7.748922,10.014916,23,23
3058,2.085759,-8.384819,3,3
3059,-1.2214859,10.934892,19,19
3060,2.610634,-0.10723691,14,14
3061,17.027805,-4.0673122,1,1
3062,17.765926,-4.425825,1,1
3063,-3.3582816,21.887781,2,2
3064,11.209735,-9.245008,9,9
3065,19.03891,19.200352,29,29
3066,12.47808,6.211441,6,6
3067,1.7750493,-8.713487,3,3
3068,1.0561279,22.929508,2,2
3069,19.03595,19.286669,29,29
3070,11.797674,16.022415,12,12
3071,11.413155,12.392761,7,7
3072,-1.9275033,-4.7607627,11,11
3073,-6.8871665,1.2230787,13,13
3074,10.353909,-0.13364741,1,1
3075,16.51879,2.2723281,17,17
3076,10.335814,7.729918,18,18
3077,14.926963,-2.8340242,1,1
3078,9.915829,11.914228,23,23
3079,-3.4178944,21.627441,2,2
3080,18.7979,20.482424,29,29
3081,9.327956,11.595344,23,23
3082,4.9567294,-11.370794,24,24
3083,15.04705,2.5104353,18,18
3084,0.99297637,-1.6272976,14,14
3085,1.2969882,22.82922,2,2
3086,0.42729962,-10.135649,4,4
3087,22.903702,12.919837,21,21
